,Username,filtering
0,dikuunnn,indo dpt vaksin aja udh sukur krn rebutan pd vaksin cm kaum berprivilej yg bs dpt cpt
1,nlwtr_,dah vaksin
2,eiwann98,queen back off rugi ni dah beraya kampung mak meninggal jumpa sekolah
3,yusufgunawan,ingeten ya rek tetep kudu jalan angka menurun udah vaksin
4,nrsyfqhathrh,vaksin lambat mengutamakan guru dah murid utama ahli parlimen parlimen diarah tutup seko
5,HesaUpm,forum vaksin pro april terima kasih ahli panel program forum vaksin pro iaitu dr aini azeqa dr
6,CurvaJowo,kelar vaksin indonesia lanjot kerja
7,nazifahothaman,queen back off rugi ni dah beraya kampung mak meninggal jumpa sekolah
8,syaffmahashim,queen back off rugi ni dah beraya kampung mak meninggal jumpa sekolah
9,kucingoyennn,kudu bgt umroh vaksin ya
10,Mxtty_Dxnny,queen back off rugi ni dah beraya kampung mak meninggal jumpa sekolah
11,skyjuiceyo12,queen back off rugi ni dah beraya kampung mak meninggal jumpa sekolah
12,ChanSukLeng1,advokasi vaksin covid ketahui program imunisasi kebangsaa
13,AmstrongBiring,suriah terima sumbangan vaksin covid tiongkok
14,AidilAmri19,vaksin lambat mengutamakan guru dah murid utama ahli parlimen parlimen diarah tutup seko
15,khairelladam,terkini pemberian vaksin dos dos daftar vaksinasi
16,mulyxni,vaksin lambat mengutamakan guru dah murid utama ahli parlimen parlimen diarah tutup seko
17,lilyfazrina,queen back off rugi ni dah beraya kampung mak meninggal jumpa sekolah
18,fendijer,penat diorang belajar kat course tu dah la susah bab vaksin korang kat ustaz virologi
19,PandaMelayu,asia sentinel agong simpan vaksin nak guillotine republik nak hang jebat
20,junepenguinn,klinik swasta gatau dehhhh btw vaksin rabiesnya gratis
21,fendijer,tu jer laa faktor la tu cari la janji korang ustaz pasal vak
22,jemapelleiche,kelar vaksin mari pulang kelar vaksin new york krspy krem antri donat gratis ngeganja
23,fendijer,dah pakai protein virus diubah suai beza tu teknologi
24,fendijer,ram komputer hantar manusia pergi skrin refresh rate laju kemampuan mata
25,fendijer,ni diorang berlumba nak hasilkan vaksin nak tunjukkan dunia diorang ni hebat
26,fendijer,yah cakap laa melimpah tabung dana penyelidikan covid tu ramai kena covid
27,fendijer,dana benda perlukan duit oii nak masuk awam pon perlukan duit nak penyelidikan pasal vaks
28,fendijer,nampak cepat merebak virus ni mestilah covid mudah merebak bahaya sim
29,fendijer,vaksin wuhanvirus ni cepat soalan ni carian google jer pon
30,fendijer,first of all bagus laa cepat takkan la nak tinggu sanggup tunggu
31,fendijer,sedih kecewa jugak influencer ig ni menyebarkan fahaman anti vaksin tu
32,RosliPasirPuteh,tolong pakai maskpelitup separuh muko dgn adik kakok tutup hidung mulut buke letok sakut dagu info on
33,levisooi,open adopt free lepas adopsi free domisili tangerang kabupaten kucing mixdome jantan dewasa vaksin ster
34,RosliPasirPuteh,tolong pakai maskpelitup separuh muko dgn adik kakok tutup hidung mulut buke letok sakut dagu info on
35,RosliPasirPuteh,tolong pakai maskpelitup separuh muko dgn adik kakok tutup hidung mulut buke letok sakut dagu info on
36,RosliPasirPuteh,tolong pakai maskpelitup separuh muko dgn adik kakok tutup hidung mulut buke letok sakut dagu info on
37,pleasureforpain,kelar vaksin mari pulang kelar vaksin new york krspy krem antri donat gratis ngeganja
38,AreFIZ_7,queen back off rugi ni dah beraya kampung mak meninggal jumpa sekolah
39,RosliPasirPuteh,tolong pakai maskpelitup separuh muko dgn adik kakok tutup hidung mulut buke letok sakut dagu info on
40,filtersyaf,queen back off rugi ni dah beraya kampung mak meninggal jumpa sekolah
41,RosliPasirPuteh,tolong pakai maskpelitup separuh muko dgn adik kakok tutup hidung mulut buke letok sakut dagu info on
42,natsunagaa,cie kmaren vaksin selamat kena prank
43,qronoz,kelar vaksin mari pulang kelar vaksin new york krspy krem antri donat gratis ngeganja
44,RosliPasirPuteh,tolong pakai maskpelitup separuh muko dgn adik kakok tutup hidung mulut buke letok sakut dagu info on
45,RosliPasirPuteh,tolong pakai maskpelitup separuh muko dgn adik kakok tutup hidung mulut buke letok sakut dagu info on
46,RosliPasirPuteh,tolong pakai maskpelitup separuh muko dgn adik kakok tutup hidung mulut buke letok sakut dagu iow
47,HafiziHasan1,tolong pakai maskpelitup separuh muko dgn adik kakok tutup hidung mulut buke letok sakut dagu info on
48,imjustmultifans,baju hwa dye terdedah senang utk cucuk vaksin
49,junepenguinn,pas puskeswan anabulku udah dgn bb kg langsung dikasih dijeda dgn vaksin rabies
50,HafiziHasan1,tolong pakai maskpelitup separuh muko dgn adik kakok tutup hidung mulut buke letok sakut dagu info on
51,nurniyell,terpaksa tuan menteri dah malaysia rugi bilion
52,sabar_setiabudi,lagu covid pembunuh jutaan orang wajib vaksin
53,yowwwwnannnn,queen back off rugi ni dah beraya kampung mak meninggal jumpa sekolah
54,HafiziHasan1,tolong pakai maskpelitup separuh muko dgn adik kakok tutup hidung mulut buke letok sakut dagu info on
55,sabar_setiabudi,lagu covid pembunuh jutaan orang wajib vaksin
56,rykarlsen,kelar vaksin mari pulang kelar vaksin new york krspy krem antri donat gratis
57,afriski13,laporan tempo bikin pengobatan kontroversial terawan peama cell cure diklaim menyembuhkan kanker
58,AdiAryogo,jadu vaksin
59,adillastrwbryml,sapit menang more like tewas vips dont care anymore diorang dah vaksin
60,HafiziHasan1,tolong pakai maskpelitup separuh muko dgn adik kakok tutup hidung mulut buke letok sakut dagu info on
61,HafiziHasan1,tolong pakai maskpelitup separuh muko dgn adik kakok tutup hidung mulut buke letok sakut dagu info on
62,symmirilhm,queen back off rugi ni dah beraya kampung mak meninggal jumpa sekolah
63,HafiziHasan1,tolong pakai maskpelitup separuh muko dgn adik kakok tutup hidung mulut buke letok sakut dagu info on
64,HafiziHasan1,tolong pakai maskpelitup separuh muko dgn adik kakok tutup hidung mulut buke letok sakut dagu info on
65,HafiziHasan1,tolong pakai maskpelitup separuh muko dgn adik kakok tutup hidung mulut buke letok sakut dagu info on
66,afinasyahmah2,queen back off rugi ni dah beraya kampung mak meninggal jumpa sekolah
67,riffixz,queen back off rugi ni dah beraya kampung mak meninggal jumpa sekolah
68,HafiziHasan1,tolong pakai maskpelitup separuh muko dgn adik kakok tutup hidung mulut buke letok sakut dagu iow
69,AmirLancelot,queen back off rugi ni dah beraya kampung mak meninggal jumpa sekolah
70,sarramones,terpaksa beekak bangang speechless diorang je
71,junepenguinn,lockdown aja kittennya jaga kebersihan jgn sampe pegang kucing
72,Faujijpn_,vaksin satunya jalan utk pandemi
73,MinAbdulAziz,queen back off rugi ni dah beraya kampung mak meninggal jumpa sekolah
74,ahfirizqi,untung pas vaksin cm suruh tarik nafas doang klo suruh tarik uang atm udah nyerah duluan isiny
75,fatinnsyazwani_,queen back off rugi ni dah beraya kampung mak meninggal jumpa sekolah
76,sepasangkaki15,pakai vaksin terawan ngapain impor impor payah
77,nrsyfqhathrh,queen back off rugi ni dah beraya kampung mak meninggal jumpa sekolah
78,VIVAlife_,vaksin angka covid klaster perkantoran meningkat
79,jawapos,warga klaten vaksin
80,HesaUpm,hafidz terima kasih dr khairul hafidz kesudian menyeai program vaksin pro berkongsi ilmu
81,NiniAmran,queen back off rugi ni dah beraya kampung mak meninggal jumpa sekolah
82,northease_,yaallah bismillah anakku vaksin
83,VIVAcoid,vaksin angka covid klaster perkantoran meningkat
84,SRahimiiii,endie la tu mco ramai takleh kerja takleh berniaga syorkan kerajaan rmk sebulan kpd
85,brigthskies,rencananya vaksin sakit kucingnya ngga ditunda huhu
86,wawarawr_,queen back off rugi ni dah beraya kampung mak meninggal jumpa sekolah
87,onetwosett,ya dok kucingku vaksin sempet out of stock jd kucingnya keburu kena panleu ga selamat huhuhu
88,_itsmeDidi_,queen back off rugi ni dah beraya kampung mak meninggal jumpa sekolah
89,c_felis,kejadian vaksin dibuang
90,amelrida,gasuka vaksin ya gapapa gausah gitu ngomongnya otak sempit kuburannya sempit
91,shrfhFa,queen back off rugi ni dah beraya kampung mak meninggal jumpa sekolah
92,junepenguinn,nderrr ming udah vaksin rabiesnya
93,AchipDillatul,kuching kaedah pendaftaran menerima vaksin covid sumber
94,hudakharis,queen back off rugi ni dah beraya kampung mak meninggal jumpa sekolah
95,AmmarManchese,queen back off rugi ni dah beraya kampung mak meninggal jumpa sekolah
96,AchipDillatul,rasmi pemberian vaksin dilaksanakan malaysia infografik menerangkan terperinci
97,IzGastro,queen back off rugi ni dah beraya kampung mak meninggal jumpa sekolah
98,frieszanah,queen back off rugi ni dah beraya kampung mak meninggal jumpa sekolah
99,meerawani3,utara azmin sembang tarik pelaburan bilionbilion nak beli vaksin kena korek duit simpanan kwan
100,ciiksalsabila,tiada kluster sepaj bola kluster sekolah tuan puan su
101,Azmi38739018,tolong pakai maskpelitup separuh muko dgn adik kakok tutup hidung mulut buke letok sakut dagu info on
102,Azmi38739018,tolong pakai maskpelitup separuh muko dgn adik kakok tutup hidung mulut buke letok sakut dagu info on
103,ahfirizqi,alhamdulillah giliran vaksin covid tahap vaksinasi tahap laksanakan pad
104,amelrida,temen otaknya sempit emak gua kena corona abis vaksin dibilang gitu ya abis vaksin positif
105,Azmi38739018,tolong pakai maskpelitup separuh muko dgn adik kakok tutup hidung mulut buke letok sakut dagu info on
106,Azmi38739018,tolong pakai maskpelitup separuh muko dgn adik kakok tutup hidung mulut buke letok sakut dagu info on
107,amarshakir_69,queen back off rugi ni dah beraya kampung mak meninggal jumpa sekolah
108,BlackeChyR1S,hai sohib terinfeksi peama ya dosis
109,shiningcrush_,wkwkwkwkkwkw ya wkwkwk imunnya ga kuat ngaruh ga sih kemaren yg vaksin batu tetp
110,Azmi38739018,tolong pakai maskpelitup separuh muko dgn adik kakok tutup hidung mulut buke letok sakut dagu info on
111,itshoneymadu,queen back off rugi ni dah beraya kampung mak meninggal jumpa sekolah
112,Azmi38739018,tolong pakai maskpelitup separuh muko dgn adik kakok tutup hidung mulut buke letok sakut dagu info on
113,aawwaaattiiiiff,queen back off rugi ni dah beraya kampung mak meninggal jumpa sekolah
114,Azmi38739018,tolong pakai maskpelitup separuh muko dgn adik kakok tutup hidung mulut buke letok sakut dagu info on
115,hayitsone,queen back off rugi ni dah beraya kampung mak meninggal jumpa sekolah
116,75nadsor,juta yg divaksin dos kerajaan yg daftar terima vaksinasi rendah vaksin yg
117,Azmi38739018,tolong pakai maskpelitup separuh muko dgn adik kakok tutup hidung mulut buke letok sakut dagu info on
118,eojinwa,vaksin lambat mengutamakan guru dah murid utama ahli parlimen parlimen diarah tutup seko
119,nwawaaisyah,queen back off rugi ni dah beraya kampung mak meninggal jumpa sekolah
120,88miaw,dapet jadwal vaksin
121,Azmi38739018,tolong pakai maskpelitup separuh muko dgn adik kakok tutup hidung mulut buke letok sakut dagu iow
122,marangskerapu,keluarkan wang parlimen perbelanjaan vaksin diterangkan keperluan ambil wang duit kwsp
123,waaannnyyy,queen back off rugi ni dah beraya kampung mak meninggal jumpa sekolah
124,Radhee08,yp kemarin habis vaksin ngantuk banget nongkrong dipoin square duduk merem
125,aishahlatif_,queen back off rugi ni dah beraya kampung mak meninggal jumpa sekolah
126,sufihazimm,endie la tu mco ramai takleh kerja takleh berniaga syorkan kerajaan rmk sebulan kpd
127,ah_il_sum,queen back off rugi ni dah beraya kampung mak meninggal jumpa sekolah
128,_zzinn,queen back off rugi ni dah beraya kampung mak meninggal jumpa sekolah
129,aisyahhh_j,queen back off rugi ni dah beraya kampung mak meninggal jumpa sekolah
130,_nrlizzhs,queen back off rugi ni dah beraya kampung mak meninggal jumpa sekolah
131,ZulaikhaSofea_,queen back off rugi ni dah beraya kampung mak meninggal jumpa sekolah
132,nadhirah_azreen,queen back off rugi ni dah beraya kampung mak meninggal jumpa sekolah
133,waniee_wawa,queen back off rugi ni dah beraya kampung mak meninggal jumpa sekolah
134,BlackeChyR1S,hai sohib ya
135,Ainajihah97,mak nak ambik vaksin why my mom like this
136,MaisarraAnuar,harap kastam check takut bawak vaksin utk kaum kerabat pulak
137,Velu10654537,bm st family mak dah thn tnggu vaksin dngr pa khabar lg kena gi arab beli sendir
138,Johnnie13989717,jenis vaksin berubah ubah yg standar ijin who
139,marSyaheedAS,depaemen kesehatan daerah amerika serikat yg memenuhi permintaan vaksin sebulan yg
140,FaizzHmdn,dah taknak tutup sekolah vaksin la cikgu takkan nak bagitau kot
141,RedRossySmile,advokasi vaksin covid ketahui program imunisasi kebangsaa
142,syamimasri,queen back off rugi ni dah beraya kampung mak meninggal jumpa sekolah
143,nabiilahshkrh,ni jer nak pesan ratu rumah agam luluskan pembalakan dkt pahang menyebabkan banjir bes
144,AtiqHuxley,pastu kisahnya vaksin lembap
145,syazwanrazak_,queen back off rugi ni dah beraya kampung mak meninggal jumpa sekolah
146,RedRossySmile,tolong pakai maskpelitup separuh muko dgn adik kakok tutup hidung mulut buke letok sakut dagu info on
147,aisyajohan_,queen back off rugi ni dah beraya kampung mak meninggal jumpa sekolah
148,fathtihah,sapit menang more like tewas vips dont care anymore diorang dah vaksin
149,sofearazlin__,queen back off rugi ni dah beraya kampung mak meninggal jumpa sekolah
150,lkjhgfdsayie,vaksin lambat mengutamakan guru dah murid utama ahli parlimen parlimen diarah tutup seko
151,adawiyahhhhh83,vaksin ni kurangkan imun badan ni agenda dajjal kat malaysia ni vaksin lambat
152,zahidzakariaa,endie menteri umno jaga vaksin dah bazir rmb utk beli vaksin yg ni kunjung tetiba nak jarah kwan utk beli
153,agoengmada,kalo yg pulang kampung vaksin gmn
154,nabiilahshkrh,queen back off rugi ni dah beraya kampung mak meninggal jumpa sekolah
155,diy4hadid,queen back off rugi ni dah beraya kampung mak meninggal jumpa sekolah
156,deannalina,queen back off rugi ni dah beraya kampung mak meninggal jumpa sekolah
157,mhmd_hilmi,vaksin lambat mengutamakan guru dah murid utama ahli parlimen parlimen diarah tutup seko
158,qssstnsss,queen back off rugi ni dah beraya kampung mak meninggal jumpa sekolah
159,syrhabzi,queen back off rugi ni dah beraya kampung mak meninggal jumpa sekolah
160,Ainajihah97,mak anti vaksin dengar cerita member orang vaksin paralyze lmao can
161,ashq_noum,manusia normal minumnya abis vaksin
162,JapenKelantan,advokasi vaksin covid ketahui program imunisasi kebangsaa
163,nzzmismail,kat china la nak galakkan orang vaksin cepat kerajaan komunis china telur papan kat yg dah cucuk vaksin
164,ftnielsuh,queen back off rugi ni dah beraya kampung mak meninggal jumpa sekolah
165,syxzxqishh_,queen back off rugi ni dah beraya kampung mak meninggal jumpa sekolah
166,zadfadil,sapit patut vip vaksin last confirm sekelip mata orang vaksin
167,HanafiArif3,sayangi keluarga mudik yaa sobat vaksin liburan asyik dirumah sayangi
168,NatasyahLya,vaksin lambat mengutamakan guru dah murid utama ahli parlimen parlimen diarah tutup seko
169,Herlin_673YP,allhamdulilah vaksin
170,arulakim,vaksin lambat mengutamakan guru dah murid utama ahli parlimen parlimen diarah tutup seko
171,nrshahila1,queen back off rugi ni dah beraya kampung mak meninggal jumpa sekolah
172,izzxtxmir,queen back off rugi ni dah beraya kampung mak meninggal jumpa sekolah
173,putrayyyy,bekasi aja tolong seminggu bsk jdwl vaksin full
174,raion_ss,endie la tu mco ramai takleh kerja takleh berniaga syorkan kerajaan rmk sebulan kpd
175,_shauuu,endie la tu mco ramai takleh kerja takleh berniaga syorkan kerajaan rmk sebulan kpd
176,amirahnmn,sapit patut vip vaksin last confirm sekelip mata orang vaksin
177,ainaaaaizzaty,queen back off rugi ni dah beraya kampung mak meninggal jumpa sekolah
178,haniff36529050,ekonomi malaysia mcm yg sgt teruk gaji menteri amp yb potong utk setahun je utk beli va
179,ainaasofiaa,queen back off rugi ni dah beraya kampung mak meninggal jumpa sekolah
180,its_me_Osza,laporan tempo bikin pengobatan kontroversial terawan peama cell cure diklaim menyembuhkan kanker
181,yuqilve,queen back off rugi ni dah beraya kampung mak meninggal jumpa sekolah
182,pemujasiput,baiklah kalo vaksin peama ngantuk vaksin bikin ngantuk laparr pegel
183,esmerayyy___,queen back off rugi ni dah beraya kampung mak meninggal jumpa sekolah
184,syerbahar,queen back off rugi ni dah beraya kampung mak meninggal jumpa sekolah
185,ummushahid,queen back off rugi ni dah beraya kampung mak meninggal jumpa sekolah
186,Sha_oh_pyqah,queen back off rugi ni dah beraya kampung mak meninggal jumpa sekolah
187,Shawon21753420,raden menyebut april masyarakat yg menerima vaksin suntikan peama
188,ajiekysff,endie takziah kpd keluarga mangsa semoga menteri menteri beruk menjaga vaksin insaf menjenguk keluarga te
189,meehooonn,queen back off rugi ni dah beraya kampung mak meninggal jumpa sekolah
190,bud_firdaus,laporan tempo bikin pengobatan kontroversial terawan peama cell cure diklaim menyembuhkan kanker
191,HasniIsmail5,tolong pakai maskpelitup separuh muko dgn adik kakok tutup hidung mulut buke letok sakut dagu info on
192,byenashie,queen back off rugi ni dah beraya kampung mak meninggal jumpa sekolah
193,msbo123,pastu kisahnya vaksin lembap
194,HasniIsmail5,tolong pakai maskpelitup separuh muko dgn adik kakok tutup hidung mulut buke letok sakut dagu info on
195,keuangannews_id,iwan fals bingung terkait kisruh vaksin sinovac vaksin nusantara apakatanya
196,HasniIsmail5,tolong pakai maskpelitup separuh muko dgn adik kakok tutup hidung mulut buke letok sakut dagu info on
197,HasniIsmail5,tolong pakai maskpelitup separuh muko dgn adik kakok tutup hidung mulut buke letok sakut dagu info on
198,HasniIsmail5,tolong pakai maskpelitup separuh muko dgn adik kakok tutup hidung mulut buke letok sakut dagu info on
199,HasniIsmail5,tolong pakai maskpelitup separuh muko dgn adik kakok tutup hidung mulut buke letok sakut dagu info on
200,kokokola13__,sialla fesbuk ni abah anti vaksin dah astu acah pandai cite sal sel darah putih kene serang ngan virus jdi keju
201,HasniIsmail5,tolong pakai maskpelitup separuh muko dgn adik kakok tutup hidung mulut buke letok sakut dagu info on
202,Twetbijak,alhamdulillah kali vaksin tatpi hati hati
203,MotivasiIlmu,alhamdulillah kali vaksin tatpi hati hati
204,HasniIsmail5,tolong pakai maskpelitup separuh muko dgn adik kakok tutup hidung mulut buke letok sakut dagu info on
205,Kata2doa,alhamdulillah kali vaksin tatpi hati hati
206,SosmedMedia,alhamdulillah kali vaksin tatpi hati hati
207,HasniIsmail5,tolong pakai maskpelitup separuh muko dgn adik kakok tutup hidung mulut buke letok sakut dagu iow
208,Pegangan_Hidup,alhamdulillah kali vaksin tatpi hati hati
209,tgharundin,queen back off rugi ni dah beraya kampung mak meninggal jumpa sekolah
210,deandelaina,queen back off rugi ni dah beraya kampung mak meninggal jumpa sekolah
211,mhdsyhrddn,queen back off rugi ni dah beraya kampung mak meninggal jumpa sekolah
212,wanfathonah,queen back off rugi ni dah beraya kampung mak meninggal jumpa sekolah
213,rashdankhalid_,queen back off rugi ni dah beraya kampung mak meninggal jumpa sekolah
214,bukutebal1,tolong pakai maskpelitup separuh muko dgn adik kakok tutup hidung mulut buke letok sakut dagu iow
215,robyparman,rabu besok vaksin
216,bukutebal1,tolong pakai maskpelitup separuh muko dgn adik kakok tutup hidung mulut buke letok sakut dagu info on
217,shukrillex,vaksin lambat mengutamakan guru dah murid utama ahli parlimen parlimen diarah tutup seko
218,ilyvitt,pasca vaksin badan pegel sakit sebadan abis vaksin emg gabole mandi ya beres mandi seger pusing
219,bukutebal1,tolong pakai maskpelitup separuh muko dgn adik kakok tutup hidung mulut buke letok sakut dagu info on
220,frhnzr,queen back off rugi ni dah beraya kampung mak meninggal jumpa sekolah
221,N0IKAIDO,queen back off rugi ni dah beraya kampung mak meninggal jumpa sekolah
222,bukutebal1,tolong pakai maskpelitup separuh muko dgn adik kakok tutup hidung mulut buke letok sakut dagu info on
223,bukutebal1,tolong pakai maskpelitup separuh muko dgn adik kakok tutup hidung mulut buke letok sakut dagu info on
224,bukutebal1,tolong pakai maskpelitup separuh muko dgn adik kakok tutup hidung mulut buke letok sakut dagu info on
225,causeim26C4U,queen back off rugi ni dah beraya kampung mak meninggal jumpa sekolah
226,elzataher,alhamdulillah kali vaksin tatpi hati hati
227,ahmadeez_,queen back off rugi ni dah beraya kampung mak meninggal jumpa sekolah
228,bukutebal1,tolong pakai maskpelitup separuh muko dgn adik kakok tutup hidung mulut buke letok sakut dagu info on
229,24041712YK,temanteman jaga kesehatan ya benerbener jaga nya istirahat minum vitaminnya lupa
230,anbas5155,keluarkan wang parlimen perbelanjaan vaksin diterangkan keperluan ambil wang duit kwsp
231,udiennn_,vaksin ni kurangkan imun badan ni agenda dajjal kat malaysia ni vaksin lambat
232,bukutebal1,tolong pakai maskpelitup separuh muko dgn adik kakok tutup hidung mulut buke letok sakut dagu info on
233,bukutebal1,tolong pakai maskpelitup separuh muko dgn adik kakok tutup hidung mulut buke letok sakut dagu info on
234,james_ych,mesyuarat pbkd pd meluluskanpendaftaran bersyarat utk produk vaksin coronavac suspension for injectio
235,JoPermadi,mas terlepas eficacynya sy bersyukur disuntik sinovac sdh antibod
236,ABDULAZ34136017,daftar vaksin sinovac blom panggil tlong bs bantu
237,nurariffazhari,queen back off rugi ni dah beraya kampung mak meninggal jumpa sekolah
238,Youtube52005448,pemda getol lakukan sosialisasi thd efektivitas vaksin virus corona dlm tubuh masy yg divaksin lantas
239,njwrose,queen back off rugi ni dah beraya kampung mak meninggal jumpa sekolah
240,arepkepci,si menteri bedah perut tu did she just said nak percepatkan vaksin kanak gurl theres rea
241,mhzzlf,queen back off rugi ni dah beraya kampung mak meninggal jumpa sekolah
242,wsyazleen,queen back off rugi ni dah beraya kampung mak meninggal jumpa sekolah
243,ainakhalim176,pakcik cleaner hospital yg tua and kesihatan bersihkan wad covid tu asyik je turn
244,yeahdunno_,vaksin lambat mengutamakan guru dah murid utama ahli parlimen parlimen diarah tutup seko
245,Senggiaw,warga emas dunia menghadapi cabaran malaysia juta warga emas media melaporkan warga emas suda
246,hajjajjj_00,queen back off rugi ni dah beraya kampung mak meninggal jumpa sekolah
247,BlyhteL,ragu vaksin terbukti aman efektif menekan lajunya penyebaran
248,akirabintangf,habis vaksin oleng gini badan
249,aghniyafayyadh,queen back off rugi ni dah beraya kampung mak meninggal jumpa sekolah
250,farhanahmasrun,queen back off rugi ni dah beraya kampung mak meninggal jumpa sekolah
251,aazrihafizi,queen back off rugi ni dah beraya kampung mak meninggal jumpa sekolah
252,muhammadimamfz,menemukan metode yg terbukti menyembuhkan orang dicekal menteri salah ngomong dikit terkait corona jug
253,MarnitKumai,markas unit marnit patroli daerah aliran sungai das jelai direktorat polairud polda kalteng kapal komandan
254,karimasnt,vaksin mokel
255,karimasnt,coworkers kontrakanmate aja ya abis vaksin ga vaksin peama ga abisnya penyakitan
256,HudaZamri11,annoying tau dah la muka tv duk educate orang pasal vaksin la sop la pahala
257,sarramones,bengang cakap pasal vaksin lepastu orang tua ni be like kau tu nampak dunia tau
258,shoehanaa,queen back off rugi ni dah beraya kampung mak meninggal jumpa sekolah
259,dashdelune,yg vaksin batal puasa
260,syattty,cikgu cikgu nak vaksin ni kerajaan bodo weh mak dah kena swab test kali haritu dah positif
261,dashdelune,coworkers kontrakanmate aja ya abis vaksin ga vaksin peama ga abisnya penyakitan
262,SoniaHelmay,vaksin lambat mengutamakan guru dah murid utama ahli parlimen parlimen diarah tutup seko
263,__natasyahesham,queen back off rugi ni dah beraya kampung mak meninggal jumpa sekolah
264,khairinafzi,queen back off rugi ni dah beraya kampung mak meninggal jumpa sekolah
265,The_Endie,takziah kpd keluarga mangsa semoga menteri menteri beruk menjaga vaksin insaf menjenguk
266,Rhaeaaa1,queen back off rugi ni dah beraya kampung mak meninggal jumpa sekolah
267,muhammadimamfz,vaksin nusantara digagas dokter terawan mantan menteri kesehatan jenderal tni yg menemukan
268,gavinharrisz,harga vaksin ni rm dos beli payahlah jarah duit kwan tu risau sem
269,sarahasu_,queen back off rugi ni dah beraya kampung mak meninggal jumpa sekolah
270,saifulhazmi94,bincang mesyuarat mkn memutuskan suntikan vaksin sijil
271,fatenhzwni,queen back off rugi ni dah beraya kampung mak meninggal jumpa sekolah
272,Niccha_,queen back off rugi ni dah beraya kampung mak meninggal jumpa sekolah
273,yusofirdaus,endie menteri umno jaga vaksin dah bazir rmb utk beli vaksin yg ni kunjung tetiba nak jarah kwan utk beli
274,yeolahv,endie la tu mco ramai takleh kerja takleh berniaga syorkan kerajaan rmk sebulan kpd
275,HazimNrdin,queen back off rugi ni dah beraya kampung mak meninggal jumpa sekolah
276,mzffrahmd,vaksin lambat mengutamakan guru dah murid utama ahli parlimen parlimen diarah tutup seko
277,Aeyman5,vaksin lambat mengutamakan guru dah murid utama ahli parlimen parlimen diarah tutup seko
278,nrysrnfz,sapit menang more like tewas vips dont care anymore diorang dah vaksin
279,imuni_id,perbedaan vaksin campak mr mmr jadwal pemberian vaksinasi anak dewasa
280,kutipansosmed_,mending berdarah biar vaksin gratis
281,MADR_94,queen back off rugi ni dah beraya kampung mak meninggal jumpa sekolah
282,pawihineyani,vaksin lambat mengutamakan guru dah murid utama ahli parlimen parlimen diarah tutup seko
283,QrizQrizQriz,queen back off rugi ni dah beraya kampung mak meninggal jumpa sekolah
284,prettybeehahaha,sapit patut vip vaksin last confirm sekelip mata orang vaksin
285,AdamIrfanR,queen back off rugi ni dah beraya kampung mak meninggal jumpa sekolah
286,aDwaitnomore,vaksin lambat mengutamakan guru dah murid utama ahli parlimen parlimen diarah tutup seko
287,ajikzaini,endie la tu mco ramai takleh kerja takleh berniaga syorkan kerajaan rmk sebulan kpd
288,mhdxapt,queen back off rugi ni dah beraya kampung mak meninggal jumpa sekolah
289,dzeerazee,queen back off rugi ni dah beraya kampung mak meninggal jumpa sekolah
290,andytakbotak,benalu hahaha mei kabar gua nyusahin lu engga nyusahin nih telepo
291,Bagoesbagus7,sy yg menunggu penelitian vaksin selesai tulang punggung
292,MADR_94,pakcik cleaner hospital yg tua and kesihatan bersihkan wad covid tu asyik je turn
293,imNabza,queen back off rugi ni dah beraya kampung mak meninggal jumpa sekolah
294,loookskywalker,queen back off rugi ni dah beraya kampung mak meninggal jumpa sekolah
295,Ttteeeyyy,queen back off rugi ni dah beraya kampung mak meninggal jumpa sekolah
296,lilliellish,efek habis vaksin ngantuk parah sm badan lemes udah sarapan tp untung dikasih paracetamol
297,r4zeen,nak vaksin ni nak rentas negeri errrrr
298,MimalKushairi,queen back off rugi ni dah beraya kampung mak meninggal jumpa sekolah
299,tomekugrapher,queen back off rugi ni dah beraya kampung mak meninggal jumpa sekolah
300,corontoI,mobilitas lagu rinto harahap benci rindu vaksin berkorelasi positif dg mobilitas mobilitas berkorel
301,saufishopiy,endie menteri umno jaga vaksin dah bazir rmb utk beli vaksin yg ni kunjung tetiba nak jarah kwan utk beli
302,VvianFern,tolong pakai maskpelitup separuh muko dgn adik kakok tutup hidung mulut buke letok sakut dagu info on
303,pandan_nkmaco,queen back off rugi ni dah beraya kampung mak meninggal jumpa sekolah
304,hvzvqvdhvm,queen back off rugi ni dah beraya kampung mak meninggal jumpa sekolah
305,elsyalsmr,queen back off rugi ni dah beraya kampung mak meninggal jumpa sekolah
306,________sha,queen back off rugi ni dah beraya kampung mak meninggal jumpa sekolah
307,xxizzah,queen back off rugi ni dah beraya kampung mak meninggal jumpa sekolah
308,amalinaajalil,queen back off rugi ni dah beraya kampung mak meninggal jumpa sekolah
309,crarra__,waswas kalo perkara acara fotbar pas vaksin masuk yutupnya bang andri tnm
310,syozonos,queen back off rugi ni dah beraya kampung mak meninggal jumpa sekolah
311,afiqnaim__,queen back off rugi ni dah beraya kampung mak meninggal jumpa sekolah
312,NieFeng80,endie la tu mco ramai takleh kerja takleh berniaga syorkan kerajaan rmk sebulan kpd
313,mattdome1,berita dok habaq kes meningkat dok nak cucuk vaksin cucuk cucuk pon habaq la pulak vaksin lambat demm
314,fitrinoordinm,queen back off rugi ni dah beraya kampung mak meninggal jumpa sekolah
315,yaT_dyaT,vaksin ni kurangkan imun badan ni agenda dajjal kat malaysia ni vaksin lambat
316,hatfinaizni,harga vaksin ni rm dos beli payahlah jarah duit kwan tu risau sem
317,HaziqRizl,tu tengok wowshop je ni agenda vaksin la ni suruh kau tengok cerita maghrib
318,seungyounmylove,temanteman jaga kesehatan ya benerbener jaga nya istirahat minum vitaminnya lupa
319,Suyarno13,cosanostr tolol pake trus goblok buang cux buktikan cux klo emang jualan vaksin palsu
320,bitnaagyul,temanteman jaga kesehatan ya benerbener jaga nya istirahat minum vitaminnya lupa
321,Ryanveve1,terkini mp pasir mas laporan polis perdana menteri berani benarkan sesi parlimen walaupu
322,powroroo,queen back off rugi ni dah beraya kampung mak meninggal jumpa sekolah
323,datsnotfarrah,queen back off rugi ni dah beraya kampung mak meninggal jumpa sekolah
324,arfamn_,bantu vaksin okay tunku
325,azibzikry,sapit menang more like tewas vips dont care anymore diorang dah vaksin
326,sarramones,sakit otak bercakap langsung muka muka orang anti vaksin ni ni nak
327,_zrffe,endie la tu mco ramai takleh kerja takleh berniaga syorkan kerajaan rmk sebulan kpd
328,JaPenWPKL,ppr pinggiran bukit jalil blok ppr pinggiran bukit jalil blok ppr pinggiran bukit jalil blok ppr ping
329,amirhimself,sapit patut vip vaksin last confirm sekelip mata orang vaksin
330,FaizSyazwann,gambar babi ni kat tv ni mengarut cam pelaq member dah mengaku bunuh mak hang hang rilek ja tengok wasima
331,dopaminhee,ga tau mahasiswa udh dpt vaksin bln imo kalo blm kebagian vaksin ya keknya online dh offline
332,kucingkugembrot,sufyan jadwal suntik vaksin covid jam puasa ramadhan tuh yg laku
333,hanimender,queen back off rugi ni dah beraya kampung mak meninggal jumpa sekolah
334,PMRMiri,advokasi vaksin covid ketahui program imunisasi kebangsaa
335,nafhatunjahirah,sapit menang more like tewas vips dont care anymore diorang dah vaksin
336,miao_69,queen back off rugi ni dah beraya kampung mak meninggal jumpa sekolah
337,h1998520,queen back off rugi ni dah beraya kampung mak meninggal jumpa sekolah
338,adilahh___,queen back off rugi ni dah beraya kampung mak meninggal jumpa sekolah
339,ElfridaHutabar5,mandiri mel vaksin
340,y0unkuza,temanteman jaga kesehatan ya benerbener jaga nya istirahat minum vitaminnya lupa
341,shira95042997,vaksin ni kurangkan imun badan ni agenda dajjal kat malaysia ni vaksin lambat
342,NaRomadhon,lek yunghai
343,irfanyaacub,sapit menang more like tewas vips dont care anymore diorang dah vaksin
344,yo_sapit,patut vip vaksin last confirm sekelip mata orang vaksin
345,fdrtheartist,queen back off rugi ni dah beraya kampung mak meninggal jumpa sekolah
346,arifarazali,queen back off rugi ni dah beraya kampung mak meninggal jumpa sekolah
347,xizzleburger,queen back off rugi ni dah beraya kampung mak meninggal jumpa sekolah
348,_abdullahazam,queen back off rugi ni dah beraya kampung mak meninggal jumpa sekolah
349,AmerFikran,queen back off rugi ni dah beraya kampung mak meninggal jumpa sekolah
350,Muddloyy,gambar babi ni kat tv ni mengarut cam pelaq member dah mengaku bunuh mak hang hang rilek ja ten
351,marshyellow_,temanteman jaga kesehatan ya benerbener jaga nya istirahat minum vitaminnya
352,howareyouallif,queen back off rugi ni dah beraya kampung mak meninggal jumpa sekolah
353,WibiantoAndreas,sukses mensuprot gnose yg diciptain rangorang hebat ugm jogjakaa mister white pengen indones
354,draensaari,hahahaha cepatlah vaksin
355,Amie_Rasol,queen back off rugi ni dah beraya kampung mak meninggal jumpa sekolah
356,seoltangssi39,queen back off rugi ni dah beraya kampung mak meninggal jumpa sekolah
357,FarzanaJawahin,queen back off rugi ni dah beraya kampung mak meninggal jumpa sekolah
358,_symmnds,ni jer nak pesan ratu rumah agam luluskan pembalakan dkt pahang menyebabkan banjir bes
359,yo_sapit,menang more like tewas vips dont care anymore diorang dah vaksin
360,MSF412,queen back off rugi ni dah beraya kampung mak meninggal jumpa sekolah
361,AyuneAmer,queen back off rugi ni dah beraya kampung mak meninggal jumpa sekolah
362,jawapos,warga klaten vaksin
363,habibullah_AHA,fuh tkut nk cucuk vaksin ni
364,HJupriyadi,papa bill gate dosis vaksin
365,soliIokui,kayaknya udah rencana offline tenaga pendidik peama kebagian vaksin cmiiw
366,azrkhrlkhld,haritu nampak berita target by september rakyat vaksin hmm la nyah
367,daughtver,vaksin antre bedanya nicholas saputra ngeh
368,Hani_Vee,queen back off rugi ni dah beraya kampung mak meninggal jumpa sekolah
369,AlifIsnin,vaksin lambat mengutamakan guru dah murid utama ahli parlimen parlimen diarah tutup seko
370,WunyWink2,queen back off rugi ni dah beraya kampung mak meninggal jumpa sekolah
371,l0vate,pakcik cleaner hospital yg tua and kesihatan bersihkan wad covid tu asyik je turn
372,mhdsyhrddn,vaksin ni kurangkan imun badan ni agenda dajjal kat malaysia ni vaksin lambat
373,eecanmaseen,bahan dlm vaksin
374,ainanabihah____,endie menteri umno jaga vaksin dah bazir rmb utk beli vaksin yg ni kunjung tetiba nak jarah kwan utk beli
375,tokwan_jeli,kj petugas info on wheels iow jabatan penerangan hebahan mengajak orang ramai men
376,WhySoSial,vaksin lambat mengutamakan guru dah murid utama ahli parlimen parlimen diarah tutup seko
377,tokwan_jeli,advokasi vaksin covid ketahui program imunisasi kebangsaa
378,MafiaNoona,jgn lupa vaksin september hwang director bilang yg bayar conce nickhun
379,terriblesyakir,vaksin lambat mengutamakan guru dah murid utama ahli parlimen parlimen diarah tutup seko
380,tokwan_jeli,setakat sabtu peratus golongan sasaran daftar suntikan vaksin selangor kekal
381,raeman_abc,bekas menteri bn yg cakaphari selasa pinjam bilionhari rabu pinjam bilion kerajaan pn mewaakan ordinan da
382,arep_17,queen back off rugi ni dah beraya kampung mak meninggal jumpa sekolah
383,tokwan_jeli,pemberian dos vaksin covid setakat april dos total orang terima dos peama
384,Subaaaaaaaash,queen back off rugi ni dah beraya kampung mak meninggal jumpa sekolah
385,Ikhmal_Zahri,endie la tu mco ramai takleh kerja takleh berniaga syorkan kerajaan rmk sebulan kpd
386,ami_aziman,queen back off rugi ni dah beraya kampung mak meninggal jumpa sekolah
387,mhdzrf_,pakcik cleaner hospital yg tua and kesihatan bersihkan wad covid tu asyik je turn
388,JapenKelantan,tolong pakai maskpelitup separuh muko dgn adik kakok tutup hidung mulut buke letok sakut dagu info
389,ct_xminxh,vaksin lambat mengutamakan guru dah murid utama ahli parlimen parlimen diarah tutup seko
390,ImanDzul,queen back off rugi ni dah beraya kampung mak meninggal jumpa sekolah
391,izyanidros_,queen back off rugi ni dah beraya kampung mak meninggal jumpa sekolah
392,syhrhsyza,queen back off rugi ni dah beraya kampung mak meninggal jumpa sekolah
393,irzwnazln,queen back off rugi ni dah beraya kampung mak meninggal jumpa sekolah
394,txtdrkaumbengek,udah vaksin maap
395,Alie_Fahnoor,bro cosanostr ouwwhhh yg jualan vaksin palsu
396,ainshahirahhhh,queen back off rugi ni dah beraya kampung mak meninggal jumpa sekolah
397,syukriiarif,vaksin lambat mengutamakan guru dah murid utama ahli parlimen parlimen diarah tutup seko
398,jifalinnn,open adopt free lepas adopsi free domisili tangerang kabupaten kucing mixdome jantan dewasa vaksin ster
399,tokwan_jeli,april kenyataan media kementerian perpaduan negara memperluaskan kempen daftar vaksin covid
400,shhuhaida,queen back off rugi ni dah beraya kampung mak meninggal jumpa sekolah
401,ezzahtahar,queen back off rugi ni dah beraya kampung mak meninggal jumpa sekolah
402,ScoutingLegio,vaksin mu menyelamatkanmu maskermu akal sehatmu
403,eecanmaseen,cakap tan sri dah mati alasan serangan jantung mangsa
404,balqisyasin,queen back off rugi ni dah beraya kampung mak meninggal jumpa sekolah
405,EzadZamri,queen back off rugi ni dah beraya kampung mak meninggal jumpa sekolah
406,she0210,baramji banyam istirahat jgn lelah klo msh drop hub dokter or rs vaksin vaksin peama ya
407,ManafSamuel,menunggu vaksin
408,ArilFaisal22,endie la tu mco ramai takleh kerja takleh berniaga syorkan kerajaan rmk sebulan kpd
409,cold_parfait,feel dibentak gara habis df kf beli pasir vaksin steril cm kucing dom pa
410,Norizzuedin,endie la tu mco ramai takleh kerja takleh berniaga syorkan kerajaan rmk sebulan kpd
411,Adorawiyah,queen back off rugi ni dah beraya kampung mak meninggal jumpa sekolah
412,sebijimira,queen back off rugi ni dah beraya kampung mak meninggal jumpa sekolah
413,ZainShakyra,vaksin lambat mengutamakan guru dah murid utama ahli parlimen parlimen diarah tutup seko
414,maha_arujanan,vaksin umrah haji ok takut covid da
415,nurfadwah,queen back off rugi ni dah beraya kampung mak meninggal jumpa sekolah
416,hahawawa,hb pusat vaksin selangor cuti
417,nawarros,vaksin lambat mengutamakan guru dah murid utama ahli parlimen parlimen diarah tutup seko
418,babymealready,endie la tu mco ramai takleh kerja takleh berniaga syorkan kerajaan rmk sebulan kpd
419,B_AG11,alhamdulillah vaksin menandakan usainya rangkaian penyuntikan vaksin covid semoga vaksin mem
420,Vaksin_Vuritust,ampera kebanyakan gosokin palanya mekikinana
421,mtchoiri,laporan tempo bikin pengobatan kontroversial terawan peama cell cure diklaim menyembuhkan kanker
422,adzril_faris,vaksin lambat mengutamakan guru dah murid utama ahli parlimen parlimen diarah tutup seko
423,wnathirahh,vaksin ni kurangkan imun badan ni agenda dajjal kat malaysia ni vaksin lambat
424,JaPenWPKL,laman rimbunan jalan rimbunan raya fokus penyampaian maklumat kaunter bergerak pendaftaran vaksin covid
425,IwanXtreme,bm st family mak dah thn tnggu vaksin dngr pa khabar lg kena gi arab bel
426,BasisOmega,bahan dlm vaksin
427,bpriady,suriah terima sumbangan vaksin covid tiongkok
428,idnpublic,korsel pfizer teken kontrak penambahan juta vaksin
429,PranawijayaK,didu ha ha ha membual vaksin eh vaksin duluan pret ha ha ha ngaca
430,rifaldialdo,vaksin melodic sk wkwk
431,PinkoSquat97,dokteeeer bener gak sih new york post herpes side effect mama sebulan vaksin sekar
432,nmikhwan,keluarkan wang parlimen perbelanjaan vaksin diterangkan keperluan ambil wang duit kwsp
433,PMRMachang,advokasi vaksin covid ketahui program imunisasi kebangsaa
434,Pacul_Ghoank,cml jngn bilang gak enak takut aikan yg tukang provokasi anti vaksin
435,shannatooth,queen back off rugi ni dah beraya kampung mak meninggal jumpa sekolah
436,dea92298176,raden menyebut april masyarakat yg menerima vaksin suntikan peama
437,magiaconatus,kalo bikin ormas dapet jatah vaksin ga ngga
438,PMRMachang,kj petugas info on wheels iow jabatan penerangan hebahan mengajak orang ramai men
439,wingkyp,bikin vaksin pakai virus virus mutasi udah nggak cocok
440,rifkisnugraha,laporan tempo bikin pengobatan kontroversial terawan peama cell cure diklaim menyembuhkan kanker
441,PMRMachang,tolong pakai maskpelitup separuh muko dgn adik kakok tutup hidung mulut buke letok sakut dagu info on
442,PMRMachang,tolong pakai maskpelitup separuh muko dgn adik kakok tutup hidung mulut buke letok sakut dagu info on
443,akuqawis,vaksin ni kurangkan imun badan ni agenda dajjal kat malaysia ni vaksin lambat
444,PMRMachang,tolong pakai maskpelitup separuh muko dgn adik kakok tutup hidung mulut buke letok sakut dagu iow
445,JoPermadi,ya namanya risk mas ya dihormati keputusan relawan spt anang
446,Penjualkarya,vaksin ni kurangkan imun badan ni agenda dajjal kat malaysia ni vaksin lambat
447,syarahashim,queen back off rugi ni dah beraya kampung mak meninggal jumpa sekolah
448,ehhmilab,queen back off rugi ni dah beraya kampung mak meninggal jumpa sekolah
449,PMRMachang,setakat sabtu peratus golongan sasaran daftar suntikan vaksin selangor kekal
450,nrnshfkaa,queen back off rugi ni dah beraya kampung mak meninggal jumpa sekolah
451,PMRMachang,pemberian dos vaksin covid setakat april dos total orang terima dos peama
452,AhmadAammar,queen back off rugi ni dah beraya kampung mak meninggal jumpa sekolah
453,AkuBudakLawak,vaksin ni kurangkan imun badan ni agenda dajjal kat malaysia ni vaksin lambat
454,abstrakim,vaksin ni kurangkan imun badan ni agenda dajjal kat malaysia ni vaksin lambat ta
455,Beritasatu,suriah terima sumbangan vaksin covid tiongkok
456,Bananamilkuyu,noted meua yg anti vaksin anti imunisasi duh wkwkwk sampe deh ya
457,Manggoww,queen back off rugi ni dah beraya kampung mak meninggal jumpa sekolah
458,Dian_Supolo,spt india dongoknya krn sdh vaksin jumawa sembarangan
459,_frzna,queen back off rugi ni dah beraya kampung mak meninggal jumpa sekolah
460,koreanbeefjae,queen back off rugi ni dah beraya kampung mak meninggal jumpa sekolah
461,ohheysabby,vaksin lambat mengutamakan guru dah murid utama ahli parlimen parlimen diarah tutup seko
462,sinamikaaa,queen back off rugi ni dah beraya kampung mak meninggal jumpa sekolah
463,Vaksin_Vuritust,ampera zambut nyokeplu fresh awak jilmek ane metik zambutnya pake gigi ane
464,badanpurwanto,jammer mongolia dilaksanakannya vaksinasi covid ratarata kematian akibat covid mongolia adlh nol kematian
465,anna83wong,org yg menerima vaksin covid indonesia april dosis dosis
466,_AmirunZafri,queen back off rugi ni dah beraya kampung mak meninggal jumpa sekolah
467,Stephen02954428,pemda getol lakukan sosialisasi thd efektivitas vaksin virus corona dlm tubuh masy yg divaksin lantas
468,Luckyafriansya9,fix bener garagara vaksin mhjadi
469,izzatt89,queen back off rugi ni dah beraya kampung mak meninggal jumpa sekolah
470,Izzatscarlet,stan setuju permaisuri agong cakaplah kokah hutan pahang
471,NoviaaWD_,bener abis vaksin ngantuk bangetttt
472,hndrgng,kalo videonya sepei ditaburi racun udara mati dadakan ayam kena tetelo
473,Vaksin_Vuritust,jaimiri doror buktinya allah kau pelintah pelintut emangnya budakmu
474,AmmerAzzam,kena husnulzon depa dh ambil vaksin
475,algiiskandar,cdc merekomendasikan hamil vaksin covid kelompok rentan jenis aman
476,Vaksin_Vuritust,jaimiri doror sblm kau tumpahkan daraaa seragkan vuritmu biar ane tust pake minyak babik
477,prayfort4fiq,queen back off rugi ni dah beraya kampung mak meninggal jumpa sekolah
478,episrofiei,vaksin lambat mengutamakan guru dah murid utama ahli parlimen parlimen diarah tutup seko
479,Stevaniehuangg,bro cosanostr bacot aja lu buktikan klo emak
480,Apllusan,replynya telat bgt kalo efeknya astarzeneka emang panas gitu petu
481,HermansyahA6,gak vaksin alasan keluarga asix vak via
482,BBPOM_Mataram,baca selangkapnya
483,apihmidung,queen back off rugi ni dah beraya kampung mak meninggal jumpa sekolah
484,vandinnie,cosanostr tolol pake trus goblok buang cux buktikan cux klo emang jualan vaksin palsu
485,KoranBUMN,indonesia total juta dosis vaksin covid indonesia
486,BBPOM_Mataram,petugas bbpom mataram pengawalan kesiapan fasilitas penyimpanan masingmasing pbf memastika
487,ispeispewayae,ampera vuritust paansi diajak kaga
488,Vaksin_Vuritust,ampera kwonthol
489,PowieSarah,queen back off rugi ni dah beraya kampung mak meninggal jumpa sekolah
490,AwangSancaka,pemda getol lakukan sosialisasi thd efektivitas vaksin virus corona dlm tubuh masy yg divaksin lantas
491,VvianFern,ambo tok rayo covid ambo nok rayo keluarga sedaro amp saing sobak jah kito keno pakat sop
492,AhmadMu89605238,vaksin covid ramadhan tdk membatalkan puasa haramain
493,VvianFern,ambo tok rayo covid ambo nok rayo keluarga sedaro amp saing sobak jah kito keno pakat sop
494,VvianFern,ambo tok rayo covid ambo nok rayo keluarga sedaro amp saing sobak jah kito keno pakat sop
495,VvianFern,ambo tok rayo covid ambo nok rayo keluarga sedaro amp saing sobak jah kito keno pakat sop
496,VvianFern,ambo tok rayo covid ambo nok rayo keluarga sedaro amp saing sobak jah kito keno pakat sop
497,VvianFern,ambo tok rayo covid ambo nok rayo keluarga sedaro amp saing sobak jah kito keno pakat sop
498,VvianFern,ambo tok rayo covid ambo nok rayo keluarga sedaro amp saing sobak jah kito keno pakat sop
499,AwangSancaka,raden menyebut april masyarakat yg menerima vaksin suntikan peama
500,VvianFern,tolong pakai maskpelitup separuh muko dgn adik kakok tutup hidung mulut buke letok sakut dagu iow
501,VvianFern,tolong pakai maskpelitup separuh muko dgn adik kakok tutup hidung mulut buke letok sakut dagu info on
502,VvianFern,tolong pakai maskpelitup separuh muko dgn adik kakok tutup hidung mulut buke letok sakut dagu info on
503,VvianFern,tolong pakai maskpelitup separuh muko dgn adik kakok tutup hidung mulut buke letok sakut dagu info on
504,arifbsantoso,jammer mongolia dilaksanakannya vaksinasi covid ratarata kematian akibat covid mongolia adlh nol kematian
505,VvianFern,tolong pakai maskpelitup separuh muko dgn adik kakok tutup hidung mulut buke letok sakut dagu info on
506,VvianFern,tolong pakai maskpelitup separuh muko dgn adik kakok tutup hidung mulut buke letok sakut dagu info on
507,melissalcs1997,vaksin lambat mengutamakan guru dah murid utama ahli parlimen parlimen diarah tutup seko
508,VvianFern,tolong pakai maskpelitup separuh muko dgn adik kakok tutup hidung mulut buke letok sakut dagu info on
509,Mr_cosanostr,tolol pake trus goblok buang cux buktikan cux klo emang jualan vaksin palsu
510,VvianFern,tolong pakai maskpelitup separuh muko dgn adik kakok tutup hidung mulut buke letok sakut dagu info on
511,BBPOM_Mataram,pt kimia farma tampd cab mataram menerima vaksin covid vial didistribusikan kabkota
512,RiuRizkiUtomo_,stok juta amp penyuntikan sehari vaksin silahk
513,Shda_Agatha,paham fungsi vaksin
514,moonstonedust_,aaminsemoga efek kerjaan padetaku vaksin yg peama sempet tepar seharian turuuuu ae
515,BBPOM_Mataram,pengawalan kepolisian dinas kesehatan provinsi ntb vaksin covid diberangkatkan
516,mhdzrf_,queen back off rugi ni dah beraya kampung mak meninggal jumpa sekolah
517,vealranger,iya baiknya tlfn aja sih kl gugling ilangin efek abis vaksin tuh
518,Vaksin_Vuritust,ampera ane bantu tolein vuritnya
519,Napen21,sukses mensuprot gnose yg diciptain rangorang hebat ugm jogjakaa mister white pengen indones
520,BBPOM_Mataram,sabtu koli vial vaksin covid produksi pt bio farma bandar udara inter
521,Adrianussatrio,abis vaksin suruh kerja normal
522,YTejamulia,sukses mensuprot gnose yg diciptain rangorang hebat ugm jogjakaa mister white pengen indones
523,AwangSancaka,raden menyebut april masyarakat yg menerima vaksin suntikan peama adal
524,datullylie,vaksin lambat mengutamakan guru dah murid utama ahli parlimen parlimen diarah tutup seko
525,diavolocalcio,kecepatan vaksin amerika juta vaksin perhari maret aja warganya
526,LoveOn9597,was banget papa blm dpt vaksin
527,ezrathemajestic,queen back off rugi ni dah beraya kampung mak meninggal jumpa sekolah
528,dfitriani1,jammer mongolia dilaksanakannya vaksinasi covid ratarata kematian akibat covid mongolia adlh nol kematian
529,syafiqsudirman,queen back off rugi ni dah beraya kampung mak meninggal jumpa sekolah
530,jzkzjxkxxnxn99,ruang menteri kesan sampingan vaksin covid menteri bodoh
531,mzanzrdn,queen back off rugi ni dah beraya kampung mak meninggal jumpa sekolah
532,Hildaa_n,udah vaksin vaccination rate nya india nya indonesia btw udah vaksin an juta orang
533,Fandisopan_SRG,yab dlm lawatan kerja pusat pemberian vaksin kuala selangor yg dibuka pd april sas
534,sisentung,laporan tempo bikin pengobatan kontroversial terawan peama cell cure diklaim menyembuhkan kanker
535,ayeshahhr,queen back off rugi ni dah beraya kampung mak meninggal jumpa sekolah
536,vealranger,pengetahuan vaksin obat cacing orang indo tuh minim banget taunya seumu
537,Vaksin_Vuritust,kabur anaeuk lhonthey ku tole lepetmu sayang
538,Vaksin_Vuritust,bokhap kau pidongnya bs bantuan sam
539,xliimrxn,endie la tu mco ramai takleh kerja takleh berniaga syorkan kerajaan rmk sebulan kpd
540,kanwildjknjkt,mengenal vaksin baca selengkapnya tautan
541,valeriiearcherr,queen back off rugi ni dah beraya kampung mak meninggal jumpa sekolah
542,moonstonedust_,iyaaa gapernah vaksin flu tau flu vaksinnya skitar thnan beto
543,Rofika70,jgan takut vaksin cegah covid haramain
544,kanwildjknjkt,proses vaksinasi konsultasi petugas kesehatan manfaat vaksin dirasaka
545,SaputraIcad,yg udeh vaksin
546,vealranger,ta orang yg vaksin flu jarang banget
547,kanwildjknjkt,keraguan menerima vaksin vaksin berperan mencegah terinfeksi covid
548,Vaksin_Vuritust,halaaah kau aja kadang teruskan kerjaan mamakkau jualan lepet
549,geliatnegeri,jenis vaksin covid program vaksinasi nasional aman berkhasiat minim
550,NaviFray,vaksin lambat mengutamakan guru dah murid utama ahli parlimen parlimen diarah tutup seko
551,thefaridnajmi,queen back off rugi ni dah beraya kampung mak meninggal jumpa sekolah
552,shifaothmann,queen back off rugi ni dah beraya kampung mak meninggal jumpa sekolah
553,PMidai,vaksin
554,madevaaa,weekend gini awak remek efek vaksin bu cleaning service kantor moro wa nanya admin personel staed
555,DTar169,kaya nya laku keras vaksin ni iyaa
556,Vaksin_Vuritust,udah tau belajar dr google berani protes promosi ajar
557,azamshahsabtu,queen back off rugi ni dah beraya kampung mak meninggal jumpa sekolah
558,AbidahMuthi,sukses mensuprot gnose yg diciptain rangorang hebat ugm jogjakaa mister white pengen indones
559,hazeetfikry,queen back off rugi ni dah beraya kampung mak meninggal jumpa sekolah
560,nxvxxsxcx,open adopt free lepas adopsi free domisili tangerang kabupaten kucing mixdome jantan dewasa vaksin ster
561,Vaksin_Vuritust,biar kau aneuk phelazur yg didik cari
562,Yans872,bro cosanostr ouwwhhh yg jualan vaksin palsu yaah iyaa iyaaa ingettt
563,fajarnugros,vaksin gaes
564,vealranger,iya bener yg udah vaksin tetep prokes
565,Vaksin_Vuritust,ane kasih tau ente biar gambaran lon woii
566,moonstonedust_,ya namanya usahayaudahlah sing wes kadungwkwkwk sing wes vaksin
567,NurainiSelamat,queen back off rugi ni dah beraya kampung mak meninggal jumpa sekolah
568,mattzane1,kes penularan covid berlaku berita palsu meningkat menakutnakutkan orang ramai vaksin
569,kelincipetelur,vuritust bego sih lu anak lonthey otak lu penuh pjuuuuhh ag
570,DodiLatief,jammer mongolia dilaksanakannya vaksinasi covid ratarata kematian akibat covid mongolia adlh nol kematian
571,snurhidatul,queen back off rugi ni dah beraya kampung mak meninggal jumpa sekolah
572,hnmmrssha,vaksin lambat mengutamakan guru dah murid utama ahli parlimen parlimen diarah tutup seko
573,Vaksin_Vuritust,ampera tubggu nyokep kau toncek ya mekikinananya njink
574,mattzane1,kj petugas info on wheels iow jabatan penerangan hebahan mengajak orang ramai men
575,bungaktika,semoga besok vaksin ttp kuat deh ya kalo gak kuat bolong lg udh belom lg mei males bayarnya lho
576,kelincipetelur,vuritust nyokepnya lonthey
577,Vaksin_Vuritust,ampera kaum bangzat kalen turunan anaeuk lhonte dibesarkan pakek uang lendiiir sok paten janginam
578,bapaubupau,kalo ngapain vaksin diciptain
579,mattzane1,tolong pakai maskpelitup separuh muko dgn adik kakok tutup hidung mulut buke letok sakut dagu info on
580,mattzane1,tolong pakai maskpelitup separuh muko dgn adik kakok tutup hidung mulut buke letok sakut dagu info on
581,ikhhwaannn,bekas menteri bn yg cakaphari selasa pinjam bilionhari rabu pinjam bilion kerajaan pn mewaakan ordinan da
582,mattzane1,tolong pakai maskpelitup separuh muko dgn adik kakok tutup hidung mulut buke letok sakut dagu info on
583,iamokaythankz,vaksin lambat mengutamakan guru dah murid utama ahli parlimen parlimen diarah tutup seko
584,lfqtlfqtlfqt,vaksin udah sampe sih
585,Azim_Farhan,nak istana bawak masuk vaksin sinopharm tunku dah divaksin
586,sleepyalek,laporan tempo bikin pengobatan kontroversial terawan peama cell cure diklaim menyembuhkan kanker
587,Qiexylla98,vaksin lambat mengutamakan guru dah murid utama ahli parlimen parlimen diarah tutup seko
588,muzyaww,queen back off rugi ni dah beraya kampung mak meninggal jumpa sekolah
589,StatusKocakk,sukses mensuprot gnose yg diciptain rangorang hebat ugm jogjakaa mister white pengen indones
590,lalityaa,so far ga efek samping apaapa vaksin mogamoga tetep berlanjut ga apaapa ya aamiiin
591,volderroth,bm bantu ahli keluarga terdekat sepei pemberiaan vaksin
592,pudynzayn,berita tempatan ni je perangai depa tu je dedahkan pasal vaksin haram tempoh
593,AffendyR,queen back off rugi ni dah beraya kampung mak meninggal jumpa sekolah
594,tatau839,queen back off rugi ni dah beraya kampung mak meninggal jumpa sekolah
595,Vaksin_Vuritust,anok bangzat goblooouk teraweh yg tau
596,vealranger,kalo tetep berkeluhan baiknya hubungi dokter deh no abis gugling jg sih efek va
597,jpnncom,musikus legendaris iwan fals mengaku bingung vaksin melindungi covid
598,Vaksin_Vuritust,bah belajar agama dr google pantesan pekok aneuk phelazur
599,aisyahafandi92,vaksin lambat mengutamakan guru dah murid utama ahli parlimen parlimen diarah tutup seko
600,shazainii,pakcik cleaner hospital yg tua and kesihatan bersihkan wad covid tu asyik je turn
601,nauranuarr,queen back off rugi ni dah beraya kampung mak meninggal jumpa sekolah
602,adrenasr,queen back off rugi ni dah beraya kampung mak meninggal jumpa sekolah
603,nurfxtin,queen back off rugi ni dah beraya kampung mak meninggal jumpa sekolah
604,KhairudinMohtar,vaksin lambat mengutamakan guru dah murid utama ahli parlimen parlimen diarah tutup seko
605,Amna78805585,raden menyebut april masyarakat yg menerima vaksin suntikan peama
606,_zrffe,bekas menteri bn yg cakaphari selasa pinjam bilionhari rabu pinjam bilion kerajaan pn mewaakan ordinan da
607,chicckenlittle,queen back off rugi ni dah beraya kampung mak meninggal jumpa sekolah
608,fatinmustapha,queen back off rugi ni dah beraya kampung mak meninggal jumpa sekolah
609,Vaksin_Vuritust,ampera bokhap kau adut toncek gaya vurit style
610,salmacantiks,kebahagiaan chelsea olivia vaksin peama bermanfaat menyusui
611,neiflheimr,queen back off rugi ni dah beraya kampung mak meninggal jumpa sekolah
612,Kirariisbaby,queen back off rugi ni dah beraya kampung mak meninggal jumpa sekolah
613,Canda_Bisnis2,sdh ketemu vaksin kadrun yg kebanyakan belajar agama cari babi nya
614,Jualbajumuslimm,update penerima vaksin covid indonesia april
615,idzham_adli,keluarkan wang parlimen perbelanjaan vaksin diterangkan keperluan ambil wang duit kwsp
616,haziqlahni,kesian malaysia dah setahun rentas negeri raya bisnes kena tutup by am
617,pidji_,queen back off rugi ni dah beraya kampung mak meninggal jumpa sekolah
618,mattzane1,tolong pakai maskpelitup separuh muko dgn adik kakok tutup hidung mulut buke letok sakut dagu iow
619,rkchn516,queen back off rugi ni dah beraya kampung mak meninggal jumpa sekolah
620,bloodyholycray,yg jatah vaksin tp bersyukur vaksin yg ngantri yg pengen byk
621,ekan_shah,vaksin lambat mengutamakan guru dah murid utama ahli parlimen parlimen diarah tutup seko
622,meeglng,queen back off rugi ni dah beraya kampung mak meninggal jumpa sekolah
623,mlytforjisung,vaksin tu gmn si takut banget
624,HaryotoRyas,pemda getol lakukan sosialisasi thd efektivitas vaksin virus corona dlm tubuh masy yg divaksin lantas
625,amirhimself,ayah terengganu dah terima dos peama vaksin
626,coyaque_gig,queen back off rugi ni dah beraya kampung mak meninggal jumpa sekolah
627,Hey_Ulaa,vaksin vakyu
628,lipmzhffr,queen back off rugi ni dah beraya kampung mak meninggal jumpa sekolah
629,qimkoi,queen back off rugi ni dah beraya kampung mak meninggal jumpa sekolah
630,Myraaris,pa interesting they produce vaksin tp vaksin utk drg adehhh sedih sgt
631,HaryotoRyas,raden menyebut april masyarakat yg menerima vaksin suntikan peama
632,Saufi_23,endie la tu mco ramai takleh kerja takleh berniaga syorkan kerajaan rmk sebulan kpd
633,SyamiraYahya,queen back off rugi ni dah beraya kampung mak meninggal jumpa sekolah
634,Am_Mirul_Syafiq,endie la tu mco ramai takleh kerja takleh berniaga syorkan kerajaan rmk sebulan kpd
635,W_1LL1AM,sukses mensuprot gnose yg diciptain rangorang hebat ugm jogjakaa mister white pengen indones
636,BinNorhasmin,advokasi vaksin covid ketahui program imunisasi kebangsaa
637,ArnieFarhana,queen back off rugi ni dah beraya kampung mak meninggal jumpa sekolah
638,Kulhugeni8,vuritust yg ane tanyain pakaiannya bentuknya blok gamis opo
639,NurayzatJoe,keluarkan wang parlimen perbelanjaan vaksin diterangkan keperluan ambil wang duit kwsp
640,kivxnam__,permaisuri agong mangsa kegagalan pn siti nurhaliza ni rakyat telan
641,wutteha,queen back off rugi ni dah beraya kampung mak meninggal jumpa sekolah
642,anqelnr,queen back off rugi ni dah beraya kampung mak meninggal jumpa sekolah
643,CherylTanzil,sepi id link online yg
644,kuaciiiiii,vaksin lambat mengutamakan guru dah murid utama ahli parlimen parlimen diarah tutup seko
645,thefatho,queen back off rugi ni dah beraya kampung mak meninggal jumpa sekolah
646,hafizuddinismir,harga vaksin ni rm dos beli payahlah jarah duit kwan tu risau sem
647,mypinky818,sukses mensuprot gnose yg diciptain rangorang hebat ugm jogjakaa mister white pengen indones
648,BakhtiarFirdaus,awakku nak greges vaksin gur soto lamongan
649,didadevina,kalo udh vaksin peama tp jadwal vaksin ybs kota gmn ya saran kah tengss
650,saveindonesia20,jammer mongolia dilaksanakannya vaksinasi covid ratarata kematian akibat covid mongolia adlh nol kematian
651,DimasPrasetyad1,udah vaksin luu
652,meanieemoe,queen back off rugi ni dah beraya kampung mak meninggal jumpa sekolah
653,ameeridz,queen back off rugi ni dah beraya kampung mak meninggal jumpa sekolah
654,frhanaizzati,queen back off rugi ni dah beraya kampung mak meninggal jumpa sekolah
655,patennnnnn_,queen back off rugi ni dah beraya kampung mak meninggal jumpa sekolah
656,Amin_Shabugi,queen back off rugi ni dah beraya kampung mak meninggal jumpa sekolah
657,amirhfdz,queen back off rugi ni dah beraya kampung mak meninggal jumpa sekolah
658,notanne_,endie la tu mco ramai takleh kerja takleh berniaga syorkan kerajaan rmk sebulan kpd
659,azmanrocks,ayah terengganu dah terima dos peama vaksin
660,vealranger,batuk pileknya jg kah no efeknya pas sblm vaksin kondisi km sehat aja kah katany
661,Vaksin_Vuritust,ampera golongan phelazur mamakkau tuh
662,IzztAimn,endie la tu mco ramai takleh kerja takleh berniaga syorkan kerajaan rmk sebulan kpd
663,imnamecoenffl,queen back off rugi ni dah beraya kampung mak meninggal jumpa sekolah
664,qoriys,queen back off rugi ni dah beraya kampung mak meninggal jumpa sekolah
665,abdullah_e21,queen back off rugi ni dah beraya kampung mak meninggal jumpa sekolah
666,ismadfirdaus,queen back off rugi ni dah beraya kampung mak meninggal jumpa sekolah
667,nhidayah_yahya,gitu la nak pergi parlimen sbb sentiasa risk btw parlimen tu dah vaksin
668,talhah_huhu,endie menteri umno jaga vaksin dah bazir rmb utk beli vaksin yg ni kunjung tetiba nak jarah kwan utk beli
669,cherishbrush,vaksin aja gejala nya hff
670,vealranger,hooooo gitu ya tetep tergantung kondisi orang ya kirain efeknya jd beda
671,minsjyg,queen back off rugi ni dah beraya kampung mak meninggal jumpa sekolah
672,hazimamn,endie la tu mco ramai takleh kerja takleh berniaga syorkan kerajaan rmk sebulan kpd
673,queewyy,queen back off rugi ni dah beraya kampung mak meninggal jumpa sekolah
674,klearskinqueen,queen back off rugi ni dah beraya kampung mak meninggal jumpa sekolah
675,hajiimeeee,queen back off rugi ni dah beraya kampung mak meninggal jumpa sekolah
676,fadlifawizi,queen back off rugi ni dah beraya kampung mak meninggal jumpa sekolah
677,mariahhshmddn,endie menteri umno jaga vaksin dah bazir rmb utk beli vaksin yg ni kunjung tetiba nak jarah kwan utk beli
678,aliyasyazana,queen back off rugi ni dah beraya kampung mak meninggal jumpa sekolah
679,iammirax_,queen back off rugi ni dah beraya kampung mak meninggal jumpa sekolah
680,tttggrrtt,queen back off rugi ni dah beraya kampung mak meninggal jumpa sekolah
681,zaidizainal02,keluarkan wang parlimen perbelanjaan vaksin diterangkan keperluan ambil wang duit kwsp
682,eatshitbruh,queen back off rugi ni dah beraya kampung mak meninggal jumpa sekolah
683,santai_tv,bekas perdana menteri datuk seri najib tun razak perginya peruntukkan rm bil
684,khalidajalil,endie la tu mco ramai takleh kerja takleh berniaga syorkan kerajaan rmk sebulan kpd
685,mnstrqween,queen back off rugi ni dah beraya kampung mak meninggal jumpa sekolah
686,s0fthenic__,queen back off rugi ni dah beraya kampung mak meninggal jumpa sekolah
687,archellpelago,kena bayar kaki jilat royalty ni bang vaksin free
688,mohd__anas,endie la tu mco ramai takleh kerja takleh berniaga syorkan kerajaan rmk sebulan kpd
689,vealranger,beda merk vaksin yg ya yg vaksin kloter peama bnyk yg
690,aweikhwan12,queen back off rugi ni dah beraya kampung mak meninggal jumpa sekolah
691,shifaothmann,bekas menteri bn yg cakaphari selasa pinjam bilionhari rabu pinjam bilion kerajaan pn mewaakan ordinan da
692,anisa_hurairah,queen back off rugi ni dah beraya kampung mak meninggal jumpa sekolah
693,_nbhaa,queen back off rugi ni dah beraya kampung mak meninggal jumpa sekolah
694,adam_is_malik,berita agong songlap vaksin hahaha
695,fildzauliaz,taun penghuni kosan rombak yg pergi diganti yg kebanyakan bekgronnya
696,moonstonedust_,owalaaahhhhiyoorg yg kutau tuh emang abis vaksin kalo laperan ya ngantukan gitu no
697,Aimiathirahhh,queen back off rugi ni dah beraya kampung mak meninggal jumpa sekolah
698,amalmedianews,vaksin peluang manusia perangi penyakitmalaria
699,inimahendra,done vaksin lega
700,mxlxr__,queen back off rugi ni dah beraya kampung mak meninggal jumpa sekolah
701,fine_steven,mahu tnya kerajaan pn tk update psakit akbt dr vaksin yg tlh ambiladakah vaksin prifitze
702,NAIM_ATAN,endie menteri umno jaga vaksin dah bazir rmb utk beli vaksin yg ni kunjung tetiba nak jarah kwan utk beli
703,pmrnabawan,malaysia kaedah pendaftaran menerima vaksin covid laman sesawang aplikasi mysejahtera hotlin
704,faruqmcgrath,pastu kisahnya vaksin lembap
705,cikshuee,queen back off rugi ni dah beraya kampung mak meninggal jumpa sekolah
706,rianaababyy,vaksin lambat mengutamakan guru dah murid utama ahli parlimen parlimen diarah tutup seko
707,kimangkimang,gara gara vaksin merenn dut etamah umak alergi kituuu wkwkwkw
708,AremaNita__,vuritust gak nyebut islam lho narasi postingann
709,annsshiela,queen back off rugi ni dah beraya kampung mak meninggal jumpa sekolah
710,NgetanNgalor,sukses mensuprot gnose yg diciptain rangorang hebat ugm jogjakaa mister white pengen indones
711,pmrnabawan,individu melengkapkan dos suntikan vaksin menerusi program imunisasi covid kebangsaan setak
712,HaziqAi29679087,nak tengok ramai mati kena cucuk vaksin ni
713,Fareezsharip,keluarkan wang parlimen perbelanjaan vaksin diterangkan keperluan ambil wang duit kwsp
714,nikasyrvf,queen back off rugi ni dah beraya kampung mak meninggal jumpa sekolah
715,MdHasan94970076,raden menyebut april masyarakat yg menerima vaksin suntikan peama
716,moonstonedust_,hah isok ya nosoalnya orang yg kutau kebanyakan abis vaksin laperhmmm emang beda
717,syauqi_1308,vaksin lambat mengutamakan guru dah murid utama ahli parlimen parlimen diarah tutup seko
718,mudha_satriya,peama kerja kesehatan presiden dukungan vaksin multilateral kesetaraan
719,wnadb,queen back off rugi ni dah beraya kampung mak meninggal jumpa sekolah
720,haibabysayang,queen back off rugi ni dah beraya kampung mak meninggal jumpa sekolah
721,maureenjoanne2,akun airasia jt expired gak banget ngajak jalan udah vaksin kali niih
722,Kulhugeni8,vuritust halah nggedabrus tok koen cuk
723,4rief__,queen back off rugi ni dah beraya kampung mak meninggal jumpa sekolah
724,humaidizul,queen back off rugi ni dah beraya kampung mak meninggal jumpa sekolah
725,rihazhmd,queen back off rugi ni dah beraya kampung mak meninggal jumpa sekolah
726,wiratmadinata98,vaksin menjamin kebal persen orang vaksin resisten serangan
727,PuteriSarah_,queen back off rugi ni dah beraya kampung mak meninggal jumpa sekolah
728,healxing,sengaja makan yg pedes vaksin jd ogahan makan maunya minum yg anget mulu
729,notyourqueen,queen back off rugi ni dah beraya kampung mak meninggal jumpa sekolah
730,muh4mmadhazim,queen back off rugi ni dah beraya kampung mak meninggal jumpa sekolah
731,5t8ZmedqZSoEjOV,pemda getol lakukan sosialisasi thd efektivitas vaksin virus corona dlm tubuh masy yg divaksin lantas
732,SyeraAisya,queen back off rugi ni dah beraya kampung mak meninggal jumpa sekolah
733,AleeaHusin,queen back off rugi ni dah beraya kampung mak meninggal jumpa sekolah
734,adiyanmahmud,raden menyebut april masyarakat yg menerima vaksin suntikan peama
735,P6BJdOJPYGpi86K,pemda getol lakukan sosialisasi thd efektivitas vaksin virus corona dlm tubuh masy yg divaksin lantas
736,Kulhugeni8,deva vuritust bener dikandani
737,milly_maz,queen back off rugi ni dah beraya kampung mak meninggal jumpa sekolah
738,christabelspt,tetiba selasa kedapatan jadwal vaksin lingkungan gereja cw jenisnya astra zeneca share your experie
739,nurulainr_,queen back off rugi ni dah beraya kampung mak meninggal jumpa sekolah
740,bukanaraahza,queen back off rugi ni dah beraya kampung mak meninggal jumpa sekolah
741,bard113,vaksin lambat mengutamakan guru dah murid utama ahli parlimen parlimen diarah tutup seko
742,AngelCat_97,so kena kat akhirat la for those mati vaksin
743,_akmalrizall,vaksin lambat mengutamakan guru dah murid utama ahli parlimen parlimen diarah tutup seko
744,GemaWahyuPutra1,kena vaksin
745,aritj,ketersediaan vaksin covid dosis yg tersedia juta pilihan yg bijak
746,SocialMMan,pemda getol lakukan sosialisasi thd efektivitas vaksin virus corona dlm tubuh masy yg divaksin lantas
747,incorrectmelhan,udah vaksin kali mo sampe bikin headline berita yg misleading awam vaksin mengenalkan
748,muzhaffarchoi,queen back off rugi ni dah beraya kampung mak meninggal jumpa sekolah
749,ThalhahHazni,queen back off rugi ni dah beraya kampung mak meninggal jumpa sekolah
750,balaputra_deva,vuritust deva mbah adam mbah hawa tuh kawin jawa
751,enjoyingnolife,vaksin lambat mengutamakan guru dah murid utama ahli parlimen parlimen diarah tutup seko
752,FashionSagor,raden menyebut april masyarakat yg menerima vaksin suntikan peama
753,Latif_Halim,endie menteri umno jaga vaksin dah bazir rmb utk beli vaksin yg ni kunjung tetiba nak jarah kwan utk beli
754,ctnrzlha,endie la tu mco ramai takleh kerja takleh berniaga syorkan kerajaan rmk sebulan kpd
755,Decentlife8,pemda getol lakukan sosialisasi thd efektivitas vaksin virus corona dlm tubuh masy yg divaksin lantas
756,j_notyours,queen back off rugi ni dah beraya kampung mak meninggal jumpa sekolah
757,scrome78,kl kerajaan pn habis memuji hakikatnya ketinggalan proses vaksin kada
758,MissRos25059588,pemberian dos vaksin covid setakat april dos orang terima dos peam
759,AndreOey,indahjkt foto habis vaksin dipost twitter
760,ct_shrh,vaksin lambat mengutamakan guru dah murid utama ahli parlimen parlimen diarah tutup seko
761,engku_iekaaa,endie la tu mco ramai takleh kerja takleh berniaga syorkan kerajaan rmk sebulan kpd
762,__Faraaaah,queen back off rugi ni dah beraya kampung mak meninggal jumpa sekolah
763,sunnyskied,vaksin lambat mengutamakan guru dah murid utama ahli parlimen parlimen diarah tutup seko
764,dontboyo,efek pegel ama diare bawaan sehari doang ai pas tkp eweh karasa alergi kitu feeling sih moal li
765,aerishi25,queen back off rugi ni dah beraya kampung mak meninggal jumpa sekolah
766,nursyrhnas,vaksin lambat mengutamakan guru dah murid utama ahli parlimen parlimen diarah tutup seko
767,WnAmy,queen back off rugi ni dah beraya kampung mak meninggal jumpa sekolah
768,fmtoday,bekas perdana menteri negara menjalankan ujian klinikal kanakkanak vaksin cov
769,whyunzam,keluarkan wang parlimen perbelanjaan vaksin diterangkan keperluan ambil wang duit kwsp
770,adanink_,dok ya rumah tangga vaksin
771,MissRos25059588,setakat sabtu peratus golongan sasaran daftar suntikan vaksin selangor kekal
772,chicanoz,bm acong kecewa ditakuttakutkan lepas ambil vaksin
773,kimminjuonly14,bellanyoo oalah sih gitu mba kalo abis suntik vaksincepet puulih mbaa
774,MissRos25059588,pemberian dos vaksin covid setakat april dos total orang terima dos peama
775,mizieazhaaaaa,vaksin lambat mengutamakan guru dah murid utama ahli parlimen parlimen diarah tutup seko
776,Vaksin_Vuritust,belajar toncek vuriiit antum br kemari banigurun phukimaak
777,Syedaiman_hafiz,queen back off rugi ni dah beraya kampung mak meninggal jumpa sekolah
778,JapenBBaharu,advokasi vaksin covid ketahui program imunisasi kebangsaa
779,kumparan,lembaga biologi molekuler eijkman mengimbau masyarakat menunda disuntik vaksin corona
780,merdekadotcom,update penerima vaksin covid indonesia april pemerintah menargetkan orang vaks
781,amirulsyahfiq23,vaksin lambat mengutamakan guru dah murid utama ahli parlimen parlimen diarah tutup seko
782,qistinaje,vaksin lambat mengutamakan guru dah murid utama ahli parlimen parlimen diarah tutup seko
783,nietzrid,dkt bazaar kaunter daftar vaksin kerajaan gagal panggil orang daftar vaksin rekod mykad
784,FashionSagor,pemda getol lakukan sosialisasi thd efektivitas vaksin virus corona dlm tubuh masy yg divaksin lantas
785,Pradipt62824966,pemda getol lakukan sosialisasi thd efektivitas vaksin virus corona dlm tubuh masy yg divaksin lantas
786,dinzmri,queen back off rugi ni dah beraya kampung mak meninggal jumpa sekolah
787,alonkayuz,queen back off rugi ni dah beraya kampung mak meninggal jumpa sekolah
788,chikiajadong35,sukses mensuprot gnose yg diciptain rangorang hebat ugm jogjakaa mister white pengen indones
789,pipiss_,iyanih jadwal vaksin gue mundur anjir
790,lemaripenuh,ga maulo vaksin
791,arev1124,vaksin lambat mengutamakan guru dah murid utama ahli parlimen parlimen diarah tutup seko
792,AinulSyazanaaa_,vaksin lambat mengutamakan guru dah murid utama ahli parlimen parlimen diarah tutup seko
793,poseidonhades0,endie menteri umno jaga vaksin dah bazir rmb utk beli vaksin yg ni kunjung tetiba nak jarah kwan utk beli
794,farahmasni,queen back off rugi ni dah beraya kampung mak meninggal jumpa sekolah
795,NajmuddinAfhamm,vaksin lambat mengutamakan guru dah murid utama ahli parlimen parlimen diarah tutup seko
796,syrifhdnya,queen back off rugi ni dah beraya kampung mak meninggal jumpa sekolah
797,SabhiAf1q,endie menteri umno jaga vaksin dah bazir rmb utk beli vaksin yg ni kunjung tetiba nak jarah kwan utk beli
798,Suwarno82236033,sukses mensuprot gnose yg diciptain rangorang hebat ugm jogjakaa mister white pengen indones
799,GumilarRizall,rindunya tahan yaa
800,eosltl,queen back off rugi ni dah beraya kampung mak meninggal jumpa sekolah
801,octopusmaraah,habis vaksin emng segaenak badan yaaa
802,mustakim3_a,endie la tu mco ramai takleh kerja takleh berniaga syorkan kerajaan rmk sebulan kpd
803,tashaadora,queen back off rugi ni dah beraya kampung mak meninggal jumpa sekolah
804,wslo_,queen back off rugi ni dah beraya kampung mak meninggal jumpa sekolah
805,BasisOmega,bm bantu ahli keluarga terdekat sepei pemberiaan vaksin
806,4dammm,nak istana bawak masuk vaksin sinopharm tunku dah divaksin
807,nadaamunajat,queen back off rugi ni dah beraya kampung mak meninggal jumpa sekolah
808,BeritakiniB,covid atlet olimpik menerima vaksin dos acara nsc iskandar
809,biasherjer,setakat sabtu peratus golongan sasaran daftar suntikan vaksin selangor kekal
810,AcarPenyuka,jammer sih vaksin yg tdk berulang yg amati gk bbrp pd mmr
811,GumilarRizall,update yuk patuhi prokesnya yaa
812,biasherjer,pemberian dos vaksin covid setakat april dos total orang terima dos peama
813,meryharison,sibuk ngurusin pembelian vaksin komisi
814,afiqahbasri,vaksin lambat mengutamakan guru dah murid utama ahli parlimen parlimen diarah tutup seko
815,aliesasmdi,queen back off rugi ni dah beraya kampung mak meninggal jumpa sekolah
816,Naimsuhaidi,bincang mesyuarat mkn memutuskan suntikan vaksin sijil
817,aafiqsyahmii,endie la tu mco ramai takleh kerja takleh berniaga syorkan kerajaan rmk sebulan kpd
818,Vaksin_Vuritust,mabok bhokap kau lg entotin nyokeepmu
819,azhrmj,endie menteri umno jaga vaksin dah bazir rmb utk beli vaksin yg ni kunjung tetiba nak jarah kwan utk beli
820,harizhaziq,queen back off rugi ni dah beraya kampung mak meninggal jumpa sekolah
821,Vaksin_Vuritust,loh ente gk bs nuduh org
822,dynawithay,vaksin lambat mengutamakan guru dah murid utama ahli parlimen parlimen diarah tutup seko
823,FirmansyahRevii,update kalo sayang keluarga mudik yaa
824,BahamMccaw,ingatkan lepas darurat vaksin laju pelajar cikgu pekerja frontliners lg byk pusat vaksin dibuka
825,WiliamAsden,vaksin covid aman berpuasa haramain
826,Nangkumon,tergantung jadwal vaksin grooming obat cacing kl babunya pengen beliin aneh mainan atw cemilan
827,GemaWahyuPutra1,takuik den bko kajang den vaksin hahaha
828,talentachuee,sukses mensuprot gnose yg diciptain rangorang hebat ugm jogjakaa mister white pengen indones
829,FirmansyahRevii,udah stay at home aja yaa
830,msrionas,covid klaster kantor dki dilaporkan divaksin hatihati india kena ts
831,ejatismail,kj petugas info on wheels iow jabatan penerangan hebahan mengajak orang ramai men
832,szwn_,queen back off rugi ni dah beraya kampung mak meninggal jumpa sekolah
833,ddniaaaa,vaksin lambat mengutamakan guru dah murid utama ahli parlimen parlimen diarah tutup seko
834,ntijamet,vuritust blajar dl ngomong yg bener biar org paham
835,ChaerulRoffi,kalo sayang keluarga mudik yaa
836,waiming81519502,tindakan kerajaan reaksi berbeza pelbagai umno timbalan presidennya datuk seri mohamad
837,galaxyboo_,vaksin lambat mengutamakan guru dah murid utama ahli parlimen parlimen diarah tutup seko
838,ZulaikhaAmr,queen back off rugi ni dah beraya kampung mak meninggal jumpa sekolah
839,edy_siregar_77,dinyatakan lolos uji klinis penelitian vaksin nusantara digagas terawan agus putranto berjalan men
840,NoorLoqman,queen back off rugi ni dah beraya kampung mak meninggal jumpa sekolah
841,m_marinimfsl,vaksin lambat mengutamakan guru dah murid utama ahli parlimen parlimen diarah tutup seko
842,KAI121,selamat sore mohon maaf terbalaskan instansi terkait mengeluarkan ket
843,edy_siregar_77,sikap politikus mendukung vaksin nusantara berbalas dukungan bpom fraksi pdip mendukung sikap
844,edy_siregar_77,bos aivita biomedical robe dillman diduga melanggar protokol penelitian amerika serikat
845,KakekHalal,sukses mensuprot gnose yg diciptain rangorang hebat ugm jogjakaa mister white pengen indones
846,hi_bellanyoo,efek suntik vaksin gak enak banget badanklo gak suntik gak sih
847,zynunzulyana,queen back off rugi ni dah beraya kampung mak meninggal jumpa sekolah
848,ChaerulRoffi,update please ya egois mudik yaa
849,cahayaaieni,queen back off rugi ni dah beraya kampung mak meninggal jumpa sekolah
850,FarraAaron,endie menteri umno jaga vaksin dah bazir rmb utk beli vaksin yg ni kunjung tetiba nak jarah kwan utk beli
851,pmrnabawan,advokasi vaksin covid ketahui program imunisasi kebangsaa
852,pmrnabawan,pemberian dos vaksin covid setakat april dos total orang terima dos peama
853,jaehyunmarkl,dah vaksin
854,pmrnabawan,setakat sabtu peratus golongan sasaran daftar suntikan vaksin selangor kekal
855,SanjayaaIlham,sayang keluarga mudik yaa
856,KDeddi135,sukses mensuprot gnose yg diciptain rangorang hebat ugm jogjakaa mister white pengen indones
857,lynysff,queen back off rugi ni dah beraya kampung mak meninggal jumpa sekolah
858,SanjayaaIlham,update prokesnya lupa
859,bombakelantan,tolong pakai maskpelitup separuh muko dgn adik kakok tutup hidung mulut buke letok sakut dagu iow
860,mcngmsh,efek suntik vaksin gini yaaak
861,firmansyah_aw,vaksin ga sampe sejam prosesnya
862,muztoz,kes dah daftar mysejahtera vaksin februari lepas kin
863,nmikhwan,queen back off rugi ni dah beraya kampung mak meninggal jumpa sekolah
864,Bondanime,gue bilang efek vaksin gitu
865,firmansyah_aw,saran kalo vaksin puasaan gini mending berangkatin pagi
866,syafiqaimanaz1z,queen back off rugi ni dah beraya kampung mak meninggal jumpa sekolah
867,weweyss,kejar tayang lpj bok berhubung besok libur vaksin berai mabok bikin surat tugas
868,OktaraniS,update ya prokes banget
869,putriimysaraa,queen back off rugi ni dah beraya kampung mak meninggal jumpa sekolah
870,afiq_azmn,queen back off rugi ni dah beraya kampung mak meninggal jumpa sekolah
871,SsssaythaAyaeeh,tetanggaku abia vaksin kena ehueue
872,OktaraniS,rindunya ditahan yaa
873,pmrnabawan,tolong pakai maskpelitup separuh muko dgn adik kakok tutup hidung mulut buke letok sakut dagu iow
874,SyazanaMokhtar,vaksin lambat mengutamakan guru dah murid utama ahli parlimen parlimen diarah tutup seko
875,inikandanmoden,pastu donate kat orang salahnya habiskan vaksin dgn rakyat si
876,Nn_Vanny,wkwkwk vaksin jalurnya tempatku
877,qmrlzrn,queen back off rugi ni dah beraya kampung mak meninggal jumpa sekolah
878,5t8ZmedqZSoEjOV,raden menyebut april masyarakat yg menerima vaksin suntikan peama
879,muztoz,suruh daftar disuntik vaksin februari dah daftar hampeh
880,_qasghinaaa,utara azmin sembang tarik pelaburan bilionbilion nak beli vaksin kena korek duit simpanan kwan
881,rosemaryflavor,endie menteri umno jaga vaksin dah bazir rmb utk beli vaksin yg ni kunjung tetiba nak jarah kwan utk beli
882,gyraaaaaaa,queen back off rugi ni dah beraya kampung mak meninggal jumpa sekolah
883,dondol___,queen back off rugi ni dah beraya kampung mak meninggal jumpa sekolah
884,godless_cat69,pandakalam hamba komen instagram permaisuri chef dah vaksin
885,nitalanaf,bener anak yg dipikirin anti vaksin anti dokter bye
886,jejeimutz,vanny sombong budayakan klo skarang haha vaksin ya klo baramg vaksin ga paham stok nya
887,bebekpiknik,waaa parah parah parah efek samping vaksin emejingggg
888,truck_fuso,open adopt free lepas adopsi free domisili tangerang kabupaten kucing mixdome jantan dewasa vaksin ster
889,dtagmy,pelajar dikasi vaksin
890,aidil_radzi,vaksin lambat mengutamakan guru dah murid utama ahli parlimen parlimen diarah tutup seko
891,AdmiralKim,queen back off rugi ni dah beraya kampung mak meninggal jumpa sekolah
892,qyraadlinaa,queen back off rugi ni dah beraya kampung mak meninggal jumpa sekolah
893,AnwarKashfi,endie la tu mco ramai takleh kerja takleh berniaga syorkan kerajaan rmk sebulan kpd
894,tfuzzes,queen back off rugi ni dah beraya kampung mak meninggal jumpa sekolah
895,ricconemo,manakah perginya tabung covid diuntukkan rm bilion iaitu rm bilion rm
896,syrifhdnya,keluarkan wang parlimen perbelanjaan vaksin diterangkan keperluan ambil wang duit kwsp
897,mimizzti,queen back off rugi ni dah beraya kampung mak meninggal jumpa sekolah
898,yrhighnessfy,queen back off rugi ni dah beraya kampung mak meninggal jumpa sekolah
899,unsleepnite,efek vaksin bener bikin gue avatar sengantuk paraaa
900,shxhxrxh_,queen back off rugi ni dah beraya kampung mak meninggal jumpa sekolah
901,yusnnd,vuritust gak nyebut islam lho naras
902,fahmikazuki,covid klaster kantor dki dilaporkan divaksin hatihati india kena ts
903,aqmalele,queen back off rugi ni dah beraya kampung mak meninggal jumpa sekolah
904,ZakieZakaria9,vaksin lambat mengutamakan guru dah murid utama ahli parlimen parlimen diarah tutup seko
905,mncuci,pp huhyhhhuhue uji gak dokter gigi sblm pp bawa uji uji bawa pp vaksin duluan
906,LtdAkbar,jammer sih vaksin yg tdk berulang yg amati gk bbrp pd mmr yg berulang
907,weigekae,penduduk yg vaksin angka jauhh buangeet herd immunit
908,Donny86cr7,kj petugas info on wheels iow jabatan penerangan hebahan mengajak orang ramai men
909,nuhanurin,queen back off rugi ni dah beraya kampung mak meninggal jumpa sekolah
910,miruzuar,tearik adopsi tato silakan email preferable romestatute com dm tunggu tat
911,moonjune21,mending vaksin covid ga bener bener takut banget sih
912,Donny86cr7,advokasi vaksin covid ketahui program imunisasi kebangsaa
913,amrnaimm,vaksin lambat mengutamakan guru dah murid utama ahli parlimen parlimen diarah tutup seko
914,tierra_mt,angka covid yg orang yg kena vaksin strategi lapuk angka jangkitan
915,sincerelyaisyah,queen back off rugi ni dah beraya kampung mak meninggal jumpa sekolah
916,baobaoo_chi,and result pcr test tu link dgn database dlm mysejahtera kena test every days or somethin
917,syuffian_co,queen back off rugi ni dah beraya kampung mak meninggal jumpa sekolah
918,sarimassayuchan,seandainya ga vaksin males bgt mesti kemayoran
919,RadzieHamdie,vaksin lambat mengutamakan guru dah murid utama ahli parlimen parlimen diarah tutup seko
920,jimmylaaa,kelantan tibetibe kes sbb org yg dftr vaksin dkt kelantan ni sikit eh
921,EilalJalaluddin,queen back off rugi ni dah beraya kampung mak meninggal jumpa sekolah
922,_tyraaf,harga vaksin ni rm dos beli payahlah jarah duit kwan tu risau sem
923,Kulhugeni8,vuritust wkwkwk gak ya
924,RizalSaifullah,queen back off rugi ni dah beraya kampung mak meninggal jumpa sekolah
925,fwzwill,dv iyoo ae ancen yo mari vaksin
926,Kulhugeni8,vuritust deva mbah adam mbah hawa tuh kawin
927,nsqifn,endie la tu mco ramai takleh kerja takleh berniaga syorkan kerajaan rmk sebulan kpd
928,tianasrulll,queen back off rugi ni dah beraya kampung mak meninggal jumpa sekolah
929,FitiFito,queen back off rugi ni dah beraya kampung mak meninggal jumpa sekolah
930,IniazYue,queen back off rugi ni dah beraya kampung mak meninggal jumpa sekolah
931,SelimanIsmail,daro ahad kehadiran yb tuan haji ahmad johnie ahli parlimen igan hadir pusat pemberian vaksin covid
932,fzrlamin,keluarkan wang parlimen perbelanjaan vaksin diterangkan keperluan ambil wang duit kwsp
933,Alva47831808,maeng vaksin
934,jejejeelita,cdc merekomendasikan hamil vaksin covid kelompok rentan jenis aman
935,nabiylaaaa,queen back off rugi ni dah beraya kampung mak meninggal jumpa sekolah
936,izzahsl,vaksin lambat mengutamakan guru dah murid utama ahli parlimen parlimen diarah tutup seko
937,NfsAndika,vaksin yg beredar skrng hasil perkembangan virus kopid yg ga heran kalo or
938,dadidudessy,kang daniel after vaksin bilaik
939,Vaksin_Vuritust,blom tau krna allah belom kasih tau adam aurat mak
940,NogoSosroAsli,mvllestari
941,Stephen02954428,raden menyebut april masyarakat yg menerima vaksin suntikan peama
942,Kulhugeni8,vuritust deva mgkn orang gak akur
943,BangGodham,jammer mongolia dilaksanakannya vaksinasi covid ratarata kematian akibat covid mongolia adlh nol kematian
944,Farsh97,vaksin lambat mengutamakan guru dah murid utama ahli parlimen parlimen diarah tutup seko
945,Kulhugeni8,vuritust ya pake baju riwayatnya gk pakai gamis kah
946,Vaksin_Vuritust,deva ayo ayo silahkan masuk leluhurku horas hor
947,nurinhanani97,vaksin lambat mengutamakan guru dah murid utama ahli parlimen parlimen diarah tutup seko
948,soodandansoo,queen back off rugi ni dah beraya kampung mak meninggal jumpa sekolah
949,Amighuding,queen back off rugi ni dah beraya kampung mak meninggal jumpa sekolah
950,NovitaRatih,baca highlight perasaan ga karukaruan krn ga tau anakanak dapet
951,konichiwasssup,queen back off rugi ni dah beraya kampung mak meninggal jumpa sekolah
952,zararusdi,queen back off rugi ni dah beraya kampung mak meninggal jumpa sekolah
953,fajarnugros,maeng vaksin
954,Mirrsya,queen back off rugi ni dah beraya kampung mak meninggal jumpa sekolah
955,zlhrie,vaksin huhuhy
956,yf__zr,jammer banyoe ya denmark menghentikan penggunaan vaksin az vaksin salah yg meningga
957,EraDigitalBiz,vaksin mulutmu al quran as sunnah masker hidupmu zikir cuci tanganmu shadhaqa jaga jarakmu
958,yf__zr,jammer imun alami dirusak skrg yg udah gel byk yg terjangkit lg banyakan nakes mrk isoman diinfokan gejalannya
959,Safeguardindo1,indonesia menyerukan solidaritas global akses vaksin covid berkeadilan merata da
960,KiAgeng10736032,md setuju bossku kerajaan uk tlh berjaya vaksin peama melebihi juta kpd penduduk beliau amp melebih
961,arraziq7,keluarkan wang parlimen perbelanjaan vaksin diterangkan keperluan ambil wang duit kwsp
962,Kulhugeni8,vuritust deva mari buk silahkan masuk
963,JamainSyafinaz,queen back off rugi ni dah beraya kampung mak meninggal jumpa sekolah
964,iranihaa,queen back off rugi ni dah beraya kampung mak meninggal jumpa sekolah
965,sourskittlesz,queen back off rugi ni dah beraya kampung mak meninggal jumpa sekolah
966,AvaZaraX,endie menteri umno jaga vaksin dah bazir rmb utk beli vaksin yg ni kunjung tetiba nak jarah kwan utk beli
967,dulce_maria_lrs,hiy nolak ekspor raw materials india embargo vaksin oversupply vaksin sampe developing country hrus antre smpe
968,wwoffwoff,queen back off rugi ni dah beraya kampung mak meninggal jumpa sekolah
969,Vaksin_Vuritust,kalok mencerna kadrun
970,athirahafendyy,we are gon na enter some deep shit situation soon the gov have no choice but to introduce gst kesannya harga barang
971,umairah_sukor,queen back off rugi ni dah beraya kampung mak meninggal jumpa sekolah
972,syfqadm,queen back off rugi ni dah beraya kampung mak meninggal jumpa sekolah
973,PeneranganSibu,advokasi vaksin covid ketahui program imunisasi kebangsaa
974,_asdfizah,pemberian dos vaksin covid setakat april dos total orang terima dos peama
975,asjjk9701,queen back off rugi ni dah beraya kampung mak meninggal jumpa sekolah
976,Safeguardindo1,enam juta dosis bahan baku vaksin coronavac sinovac indonesia minggu kedatan
977,Joue1403,ratarata kematian juta dosis negara jenis vaksin parah pfizer amp moderna daripad
978,Pakrelax_,queen back off rugi ni dah beraya kampung mak meninggal jumpa sekolah
979,fathasbullah_,queen back off rugi ni dah beraya kampung mak meninggal jumpa sekolah
980,LOLShaika,queen back off rugi ni dah beraya kampung mak meninggal jumpa sekolah
981,AliaRamond_,queen back off rugi ni dah beraya kampung mak meninggal jumpa sekolah
982,fahmiihalid_,bekas menteri bn yg cakaphari selasa pinjam bilionhari rabu pinjam bilion kerajaan pn mewaakan ordinan da
983,reksskaii,kalinya swab krna temen sekantor interaksi positif dah vaksin covid pake mutasi
984,afqhnzrhh_,queen back off rugi ni dah beraya kampung mak meninggal jumpa sekolah
985,faarryyyy,queen back off rugi ni dah beraya kampung mak meninggal jumpa sekolah
986,addintired,ni jer nak pesan ratu rumah agam luluskan pembalakan dkt pahang menyebabkan banjir bes
987,have_afaith,queen back off rugi ni dah beraya kampung mak meninggal jumpa sekolah
988,detii0730,btw udah dapet jadwal vaksin kirain gua dapet dosis doang wkwkwk
989,Kulhugeni8,vuritust kadrun gila halunya tingk
